amount,time_hr,distance_km,v1,v2,is_fraud
389.3414860173637,2.8773862433450903,3.6820264672191394,0.8983595683469856,-0.518637997484576,0
85.6525414053077,19.902883183602132,7.131923519724113,0.1488768039176911,0.36575998609291555,0
498.18528844808725,1.385571821402813,0.32056312910246243,0.820553502887897,0.0017948728781070852,0
446.87249698310256,23.455389791796087,8.443844677613562,0.006273156184418285,-3.044656539243162,0
43.89635609173527,18.943028359672454,2.384208856811467,0.094621044669358,-0.19609321067693788,0
24.611318547436788,3.8511027425094344,1.7080606032544332,-0.8360916702196265,-0.2899813544366399,0
63.286786030619865,18.26419016388941,7.496498486999954,0.3418252139549665,0.01804725246822428,0
313.82843896436106,3.649165618187803,2.6683267104641417,-0.3635732949150291,0.5850213322877983,0
273.634561163333,14.106464660692758,7.097953669731081,-0.5706404302001128,0.8091127907313788,0
113.51092374223194,0.4590951944948882,9.712685968266808,1.1969109487613523,0.012521864329786338,0
48.80378851570015,15.421564788844597,7.093324099701657,-1.0056013756894657,-1.181981996068219,0
285.9327198894713,22.867560408060143,16.683282164168826,0.29746205311781654,1.4930031044432035,0
136.4720210814095,1.6404768074390068,15.196473168567767,0.3903661943953757,-2.3789960407532242,0
318.53342288677925,11.104214521569444,17.56067025688914,0.9562950020913461,-1.2541609869956039,0
40.23838098781335,22.812745262068884,17.472370574744307,-0.6080061429373236,-1.096875079383986,0
253.2505658701638,20.08898700583056,11.50718346258197,0.7826298263165181,0.7769367029315166,0
195.02615457973965,22.96319557162287,0.27724271825720237,-0.5998220233198494,0.5896392313574,0
8.441304612939398,6.156721498661947,13.760911141482577,1.0960699074773985,0.019599616577628293,0
68.21817439944124,1.9856840548365575,6.956446948660919,0.06364906149651771,-0.6292206728473624,0
431.3781481999008,7.533073836360655,4.117639763566423,-1.3537546747097586,-1.8802884105687847,0
208.14642935988246,5.424695947583993,13.384380598497334,0.5496831862902597,0.731898069234381,0
496.11821733753976,11.002354179154512,5.335890988676617,1.5794378916948595,-0.8814337052269955,0
1434.8717285548566,3.5352703407157224,89.85567822128604,3.316814098836685,-2.5661351016954947,1
440.16356224327154,19.61107540837404,3.603172954652385,0.3911278769327262,-0.31207193205273287,0
4788.827458799617,5.348723238868496,444.71970516703743,4.845690071639963,-3.473029245816357,1
58.406256361685706,6.7724897926368035,16.893318181804485,1.310191908080897,-0.35807944617931886,0
272.9269564446746,22.67367021079391,0.7853010329732046,-0.4986338957884514,-1.4289046065117268,0
147.90339970149643,10.478740554450386,10.767899585739153,-1.9673250642259945,1.0380125273159622,0
255.41489604781066,0.23817170706805513,10.089118833387108,-1.4961588131646497,-0.081894379572493,0
27.992954296398874,1.5564862675912403,4.4247739289212795,-0.5509818035382495,-0.4665740712027766,0
23.15818543084596,0.2127188427232536,3.580632748831676,0.14959795751878804,-1.1569413972294713,0
107.17852952149859,13.8509420649197,4.654566978311037,0.7556658387443146,-0.4513028643436646,0
201.28867724902872,21.82691066249381,1.0230041124079525,0.6095260452086012,1.9120054690526975,0
174.1995890904486,3.8801144696870855,3.914252801992981,1.150267395898296,1.436368034243754,0
394.2407821356983,10.503871875556882,4.081753223115205,1.9002684243109647,-0.22549342333463607,0
389.6877233840812,15.266305113829013,7.556784274543733,0.240205843946223,-1.1204179189363892,0
272.30589772923275,1.4974576463586535,10.521880265030841,-0.7267419048820193,1.030919338366907,0
201.47702171979006,7.3870999603378955,0.7292210165123691,-1.625544033562061,0.4096853437465497,0
113.03567449320676,16.888794711097223,7.250039690630263,-1.3481770454274902,1.9186063338762078,0
88.89890960961579,2.4152994845648,15.59033402848127,-0.5347566708443231,-0.5450872299955903,0
117.82790545826113,10.051039657779874,19.806646075872965,0.35625278870608357,1.1196877785533812,0
2308.54418580185,4.961694150504665,322.7870918408632,3.6170364467271585,0.35444288040923944,1
195.623375657953,4.170278235257851,13.781753074964593,-0.25628082425157245,-0.3444772087524527,0
123.87208129520558,23.543697075904443,11.157473513201463,2.324673305852818,-0.5550167015441094,0
313.81036571490364,20.096809914483615,15.443040552316763,0.8671874128277388,-0.4047953794202932,0
271.0108234542718,9.552127030908068,18.900481291611374,0.19839351717748668,-0.0120435529599315,0
412.1559352469686,5.229421302119762,12.601862537233268,0.4877748210843382,-0.35799043441333583,0
125.37023454472977,23.875663055182827,19.515576370978653,-2.1779677321946878,-0.015563088870293978,0
387.26116080184545,0.5806023333925259,7.905186308623156,-0.5964114079688796,0.03757485933586561,0
120.68748054566434,20.33731033371297,6.419940912817957,0.5342078623746747,-0.3128364730515222,0
359.49458374048083,18.161524009645632,1.7393404051186612,0.5024996961292902,-0.17464794568162792,0
483.4941354266164,8.587158367810602,11.28463633369072,-1.0861262991814098,-0.9365920062436421,0
251.1015081841715,5.1579032888735,7.721018713036716,0.13659739558875236,2.002427467644797,0
327.72082345378726,4.421396141712627,13.94327384275961,0.4096361186839937,-1.2261793578126834,0
192.94774204279713,17.239948208928094,12.974942277900363,1.118549944255326,-0.9722982447348347,0
368.139118377894,21.802429245105007,12.991120135139235,-0.9392415406820068,-0.7341618661210141,0
381.70687551678446,6.452484345172644,12.467591319198142,-1.7690503037393988,0.9453117712358652,0
17.776893939996057,5.515841419142842,11.586268055769217,-1.4308312016246718,1.1535028497815438,0
318.14783710130433,4.863183219248236,13.266214190080039,-1.0069273609451441,-0.028217878937229775,0
323.4276681289648,14.446162344363158,1.701127709784822,-0.8261119917145421,-0.19547264358597383,0
205.04945921726133,15.887254675052846,15.60096174080087,-2.1537305737914614,-0.9019926494431975,0
484.8878644713076,8.587538018725173,11.875612638869043,-0.1248868853500674,0.5587238369444854,0
34.770459587388686,11.258573065141888,6.189390981772018,0.14775590740012853,-0.5652587392104036,0
119.67749218480448,20.703371307580294,13.800937768188993,1.540323979819886,0.8085710068901167,0
3883.4430996613587,1.7232754267641692,390.8794202683277,2.567200648977306,-2.1962008905904336,1
102.74789248066897,9.8687397331811,14.704570362031921,1.2727147339712648,-0.3998267342865265,0
220.23953260885438,9.82588972360844,18.10597998021031,0.42834205066072495,0.3143386831314305,0
477.9842294976927,0.538221339889323,18.538151242917284,0.1996104184027828,-0.21208966992042563,0
84.80453719073219,1.5036768829285085,5.4399721068871205,-2.0199273321561364,0.8822864925992157,0
349.2562673114818,13.376092069752193,1.00350700639948,0.04092474872892285,-1.655224712189433,0
287.4518245862207,12.169431521729239,1.6644613241614459,0.8095944359718859,0.5413212940082783,0
439.3486466958912,1.0955698920572097,6.304788692989016,0.4753656106920102,-0.2655926332624114,0
415.2972661118917,1.5975534699413485,15.959960704384478,1.0067300712270648,1.193586535476262,0
498.977384714002,22.10386850631782,12.553377543176174,-0.06357353918612146,-1.0559898119268434,0
398.04246868879653,9.996106365693095,11.29181277866927,-1.1338303568063541,-2.0713771793381572,0
477.6583139282811,0.29769687065555495,15.843823896033522,-0.0626482221218215,-0.49913895147036563,0
479.0245158301632,2.4234745636262662,8.222268339896972,0.2103671135408869,-0.9506906934152551,0
203.42145129800176,9.927424198047246,2.614346471795146,1.3633765135383398,2.1216313073302033,0
101.91661172070174,5.698403240995351,6.298368891777915,0.14693529838668778,1.6505729632328479,0
194.06012162818348,6.265164629636354,3.849863012716541,-0.10609063534142033,-1.3326784410252037,0
493.5090336172561,0.6287210047695551,1.402162792825139,0.014149264965758293,-0.663436157219488,0
238.67313782944962,21.363387297504353,10.978192632801434,-0.9049478329380662,0.6488819259038391,0
7.850536946570177,6.229834782601181,17.822801835870187,0.3929135105482163,-0.05706129143115594,0
109.96219575457219,4.016568773682744,8.112905188944751,1.500274609000988,2.0994075205025093,0
253.770207849404,4.211799057152577,15.035963271738659,-1.0763811874020583,0.8461184692959337,0
166.88141497380315,19.55855348497294,9.432527303905234,0.4469817170098519,2.824220426395203,0
40.272080243803,22.39692210622335,13.24464316659186,-0.34677157676671216,2.206468979884672,0
484.804755131454,10.714068393637973,2.536480451008376,0.3896045240919878,-0.30082595603229867,0
172.30760264151021,5.103465032906307,4.666656452986533,0.29156367668197275,0.2680504275897533,0
413.9034769750015,11.62891188192026,12.40469697922241,-0.3717790115234884,-0.7067067683730057,0
307.4355894812409,12.008626709173456,3.383237876848404,0.07450959382677262,-0.041248128979203026,0
309.53362192435037,15.055894442176271,5.8531019533481565,-0.6316515245136439,0.28121168258406537,0
276.62322573646014,3.377076673170202,0.6934540845213277,-0.6083507646793376,0.6817434088151417,0
111.83140861093737,20.74952662854408,1.6319744000967673,-1.9493717553224232,1.1273500893554853,0
84.23545930251363,19.22353680968076,2.8848004223620705,0.43945269045799057,-1.0040796329550274,0
375.2962238176184,12.036431048403994,3.764643995380912,-0.28857511715410117,-0.5789842199399048,0
270.8677382001811,2.663954370991556,11.5671952623308,-0.8522246429973241,0.3989921575016956,0
20.411371027833123,13.062095186728744,12.011663939742721,-0.19044618592921678,0.7043362098540789,0
17.692822574185666,23.973422688798976,15.23779788754968,-0.9420601835742449,0.3888189102637133,0
2794.504766925246,5.607348435259691,340.9407944513297,3.6087361300107212,-0.6468630326175979,1
150.76055097324925,11.973495948862606,11.921002315219004,-0.38245239766929023,-0.9282199673480178,0
297.1641801001981,15.711616484782908,5.953005551365608,2.0826603221097977,-0.3451040968191901,0
62.9481731316649,1.2272491546104174,3.7987227291512182,-0.14325891536419263,-0.4357644969706192,0
485.84057155061157,6.078537204545162,8.510113185436856,-0.6355410988155566,0.8913439016052467,0
92.66978630648923,20.596249275771935,11.556141005021694,0.7014947819247145,-0.04147177799914767,0
114.87622015680998,5.020451169790268,12.627519552867533,-0.5571305725722312,0.7699687313352226,0
96.33790458140678,16.62077835689059,1.9684837820273748,-1.3805987058996512,2.0487082576988507,0
468.3966132095866,3.4073277542638536,16.367608495590705,-1.4972576451786446,-1.2692911052431042,0
400.7081474599761,21.203154311665457,0.0837488725591573,2.5393816227828614,0.0321850870368397,0
310.9734790266584,10.570592407498177,11.760009268592569,0.8280588148933092,-1.7941918665494363,0
423.9938844085865,9.483141782676078,13.497864061083096,2.5879089735306846,-0.24672442411444054,0
467.2681336763129,18.547429758968097,1.1691597447375401,-1.0990447515548727,0.23425926445676556,0
396.40796659528695,14.437293103195778,19.07265215659379,1.669922781404639,2.7922088679099613,0
261.61197086287603,0.4597316532300697,12.821722071643189,-0.3150819279089234,0.9465770035733866,0
395.3556195561427,15.776483572083086,19.938988348233394,2.0225902305694814,-0.4030658680367221,0
316.32670915604257,11.339840520156326,13.643833785101975,-0.8523867660741036,0.05786404742675647,0
464.23738018163044,14.996978390567975,6.15358178955897,0.9703162017882814,0.09982631509976791,0
111.39548740242459,10.066751854975525,16.37738541040943,-0.5001978170959958,-1.909197458977243,0
331.0533476513778,16.060806310513883,14.2427409176121,0.53102609489421,-0.26454589870472217,0
261.93459649959385,14.943132806367792,17.9111148174777,1.0628536930332164,0.5704873308635735,0
267.49955595833336,22.287133490769456,16.874575854205148,-1.4127257589005562,-0.47971889676613605,0
173.23810706519274,18.73516121821337,7.547263535933015,-1.0556394897985963,-0.7725421118422359,0
380.3280454735252,0.2917625154572834,4.115887539788434,-0.3785797432131542,-0.7756066046023912,0
234.53071044529116,21.3623288444114,7.926252509964411,-0.6573725539947244,-0.7075522852941063,0
389.32441556728844,12.397743082703498,14.604983790591424,-0.12402138738999703,-0.6072614140860845,0
403.96631213870324,19.305937432259363,0.28393268943447403,0.0019768447558107757,1.1209670236143776,0
481.27541149489826,13.852797281629218,13.193805458609486,-0.6556877194614437,-0.0115150880766451,0
328.109323386678,23.055047412316796,2.7850814156940795,1.3510157524870003,1.075221541181916,0
312.35318129490116,20.15523855994624,12.969291138004742,-1.0471575686902646,-0.10198665459367798,0
480.78932909283753,14.200731895351812,4.8059824690073345,0.1909165241437107,2.135586730077366,0
105.99763914130493,17.732800251192785,11.873692398174665,-0.6646510975020625,2.190417001188423,0
421.147998865544,17.592002573342956,6.283241276739442,1.2744284266875814,-0.38856822049120293,0
119.94528409767456,1.1564642974391095,8.006256723459881,0.9720569657397219,0.3097267791360022,0
433.0375762462513,21.32168813540835,16.287735585375227,0.014508999262654136,-1.074661039432863,0
290.2627382825725,3.013205154303681,18.185053888739848,0.857898825291343,0.813280406064593,0
472.08988048296146,11.014572398323688,14.384904011516637,-0.6038382974931866,-0.7318573084158859,0
3475.8678302909,0.9944940923307293,80.0586847679774,2.5744399074529025,-1.5837262116771647,1
638.5239600693806,3.1481304725608643,335.30034533719464,2.532486171352149,-3.6877967416065847,1
277.0171202680334,15.880014231100537,12.63444836653168,-0.35824437790750796,0.16648527257714707,0
481.648803242602,23.546829788830458,19.214926055427107,0.10957158007785811,0.4115657191642819,0
409.5623961314344,16.654790172243764,14.017313944877598,-0.8418216318681523,0.33323053499002175,0
260.5686724090917,6.720895909211746,19.306054472607997,-0.7390286580232329,-0.41342377063644137,0
108.21270460688123,13.782901802165064,15.554558201355862,1.135947845943822,1.1644117405352703,0
264.57318331715214,15.142122965499922,9.217966764131639,0.06188335288713521,0.3865862299051922,0
335.4372001492779,10.924127801607753,12.226833124954524,-0.8356890050200362,1.030249693969567,0
407.3859995193884,14.470629035507077,5.60669505102825,-1.2361357960304624,-0.7823539225019935,0
218.6714753836913,1.7355954061905265,17.328463670794005,-0.8692869869886438,0.14299063480921648,0
293.0758439476274,7.017194649892635,6.940046708243999,0.8532015450515544,-0.8395275580176573,0
248.79625844033762,12.657590930944231,19.851635909755267,0.4734074157124664,-0.7624179506029144,0
404.68287680621097,23.12146642112521,18.935124893844815,-0.4536363875916828,-0.34815739681731317,0
71.90731313163727,13.263894426641958,17.78001221629332,-0.47655380143352466,1.1625736681878402,0
300.7194855743026,8.605883076596957,16.048035689026484,-1.4069434005131694,1.4194556807978391,0
142.05443583286583,11.44424323962761,0.48010089689777713,-0.5894523999387185,-0.853932908460056,0
381.70881173850387,3.7158867023452764,0.01886830535262174,0.35973897512678843,-0.5619301138579263,0
164.86345410591676,20.6002002431789,1.008335472044184,0.6523303381766798,0.03239621368357873,0
164.98545135027385,8.38815293008365,10.929170834562488,-2.914255989816941,0.8202983745089647,0
438.9435333158808,13.931222423848704,10.822276497576894,-1.2165808041357096,-0.9980946277690352,0
403.9330730582225,23.746827143161354,14.031305312058846,-1.3204934434050315,-0.7948936470016904,0
167.73204709231658,3.5711032657227753,11.32036849775642,-1.06925449375508,-0.6717207892580773,0
272.278779488877,5.052166551968231,9.206581012855303,-0.4842583519308302,-0.20233890687008754,0
90.81992967090363,9.722464668661594,18.140839208300438,0.30989477938063453,1.2058184207160432,0
251.69204750604248,22.625383658258695,2.7460006543114046,-0.7717408145967823,-0.6281493997556425,0
43.10505536525253,11.701708648161222,6.504223925524226,-0.8388926740257363,1.4246277320772434,0
84.57614854391257,15.564115682848517,9.652024713230414,-0.4876334209549628,0.3630042848060769,0
2992.2623712599925,4.389875423519328,368.044376837734,3.6285761021301903,-1.0427195017271398,1
499.70979425647994,22.537643506806997,19.436906026509693,1.368079350488601,-0.4588768450249969,0
407.91528340547933,19.02227551701923,8.700291886804468,0.8293237725828624,-0.1821605838579241,0
386.60631309880574,14.026773834178226,3.840467382726891,0.02041716721291813,-0.44258929277415615,0
347.4881228578832,4.848376041659759,7.8382112588781805,0.5925303073177614,0.9625028858001017,0
240.62897403753942,3.8563100330842843,14.506527814717563,0.9687698956813533,0.7226748248882985,0
444.9302995351437,6.858199790224944,19.041248932780054,-0.32038505943679435,0.9853997114500495,0
433.4260273175202,15.547618703772681,11.51186857280164,0.01569779595775838,-0.15647737612315848,0
4576.7836363759,0.08389027782818848,146.27020226047125,2.8559990073992125,-2.051846359765705,1
464.40140196139464,18.092833985037913,0.349964279747772,0.1390286869531256,1.6158724901223136,0
475.28067369014843,20.98134059244422,11.71175367745225,1.3252760904370375,-1.4337300248102285,0
488.05330163047,3.977956247165297,18.256016008157236,-0.5968947847319713,1.6372116447028533,0
129.64053415894162,0.35264132771889223,15.637818259937795,1.0268946182579144,0.7297729370341954,0
215.6192005517973,4.12065378493079,17.596754958829358,-0.5451862447263219,-0.8098900990894081,0
17.566246051870706,13.117851408775078,8.155560688123254,0.4316316296375973,1.4364295195588668,0
135.2407221058672,13.93677802930284,4.270857089806828,-0.773029709602703,-0.42369071691067595,0
75.53529373624905,19.539016454187884,9.669961702136076,0.029190503935567446,-0.70128957079155,0
454.683027860146,0.46386314202242485,19.31277950533601,0.415826629455343,0.6868579110122561,0
314.2084665828606,10.627155277049699,11.011412690827285,0.9573048225935312,-0.22072875695836655,0
376.07765671274774,0.1996786134526083,16.31490761252242,-0.10496770756362395,0.9942988266876233,0
463.1564138888543,6.373987991006546,3.656267770784518,-0.8516621743343933,1.489599409447649,0
238.4302133323284,5.923772860845654,1.8284398363427634,-0.17529452990401284,1.3140749815246042,0
2252.971240166851,5.835086892958456,367.5289118810648,1.331508795494129,-4.354084393062026,1
226.36525754989364,11.030017373126952,19.093327137581376,-1.5646221273358043,-0.9915270411046322,0
38.33854772704199,10.806101907429369,19.508207353694903,0.06837156596765875,-0.8464978028689073,0
321.0703440937223,14.561561393218474,10.551759465443313,-1.2148061358886433,0.8444558720716657,0
92.62018971698967,13.764694834933758,4.916948849868006,0.2483251425158822,0.7147456498889451,0
405.6337719618642,16.471852720466337,6.486587547030361,0.015182942540433121,0.2408767572004076,0
330.0846489479396,11.191434147364083,15.028466350626053,-1.4787771238462857,0.19340636718971696,0
253.80536108707008,0.302580479418217,5.412878839635313,-0.0498801541281177,0.45721306369251385,0
96.50295548513589,10.416464788173005,1.3690090513203357,-0.2310694774576803,0.3359681734405766,0
374.29221523638455,7.08097698369975,8.296513110427039,-0.12334406404611045,1.9333597477143571,0
91.0781483636462,19.987929042918505,3.233891065479737,0.22058353773736078,-2.241915934508913,0
99.39042172851495,6.972108136114089,3.3655717701542565,0.8949105560268252,1.8197717873125976,0
124.99281754546472,12.484077415458028,15.924872189127743,-0.5912847888018945,1.1912606816318325,0
302.79785097243393,16.194871252017855,19.90843025850912,1.0200365069020898,0.9778722722111376,0
255.39708301115536,8.254984477384454,12.808945479865057,1.1188945979306693,-0.532143890173102,0
210.33565365714426,2.7873350448126146,0.44132297364581685,-1.0319662838471795,0.021092747850587245,0
117.11540872297928,21.06792187564898,14.188777292679495,-1.0551076754804494,-0.4697644643371368,0
469.4785261264137,18.934379322624174,17.23329769398202,1.784775039185095,-0.43578972962363594,0
317.75942002405066,23.827604135977687,12.755482836911831,-1.2719190011127228,-1.4239581121976068,0
17.03640338356965,17.555915768168695,15.876362078160792,0.0340080962281468,-1.3121632011955178,0
439.8652028441672,6.351240646208576,5.957187967804225,0.685857818608419,2.8652120230859626,0
326.9112147417338,5.620880902232019,7.539723345736833,-0.42002772729416255,-1.671761273328167,0
211.79455717283022,23.484611241339373,6.695780837813583,0.7469808401047098,-1.1516811090343435,0
186.3491124303774,8.531832250592577,6.56358965595224,2.0750650393485417,0.1376619408680461,0
369.99175330696085,20.140329479527168,13.933779757463938,0.07333674477813668,1.745858970273136,0
181.5928967133267,9.211990846393057,5.106727475264883,0.21930233720043607,0.5991033318635947,0
297.46246398166033,15.959637683423885,0.8999364247084873,-0.1702582467959055,-0.6951493580768724,0
267.1770362862232,19.730475854405412,6.749085579284579,-1.443604262169765,-0.8800119816907639,0
30.65265072710132,1.303968835749692,10.274157104306097,-0.5101608136502173,-0.12740687238995974,0
45.674975400831535,23.76261230608478,8.426017632667293,1.1013301648895504,-0.5066348337879193,0
250.0975308719173,23.52884978261244,11.379109665637015,-1.0079116954282061,-2.1200872151201744,0
39.931529963212775,21.095493606774415,5.089626632365205,1.1815677164191463,-1.9415678006202213,0
150.13933199054193,6.593556612468468,0.8315791969318753,1.0626572907875265,-1.9645360381029247,0
314.9790592075506,8.842774077997895,12.049383409145328,0.366746407892257,-0.5525693461188524,0
73.98125666604794,11.541363518472217,2.407271524199721,-0.68604975703518,2.9430483352686214,0
364.34806104076847,13.86224078114778,6.688023579774973,0.5101574689151834,-0.5042980158126232,0
132.8309722079844,19.061055901185732,10.113934875627479,1.478071898356444,-1.9516029128828867,0
343.21308801149996,6.668466626153094,9.780968008985663,-0.7825985974185891,-0.528998414203127,0
15.367755710301841,14.944548982795139,4.893101092094261,0.6078403387350085,-0.97826564926624,0
1893.9406243333417,2.6766858427511266,202.589425968206,-0.38368699664212125,-1.3647381889669439,1
55.05572468078117,16.478157923822565,18.226783801572616,1.1223742187031596,0.10908297034983186,0
20.557446914933454,6.280936409661743,8.626034126820292,-0.21596052035023222,1.2272738220812627,0
48.383159648100076,3.4578908643167896,14.080629051833139,0.7245917787231225,-0.5379785288219551,0
173.69775242524383,0.1321391798500997,12.383454707316734,-1.0642200068173489,-0.20020125430036984,0
909.5531309713264,5.292289116046192,367.26553501849975,0.5712404152262027,-4.530918619461753,1
330.51838168867,19.286484850596842,8.226079441324625,1.0071572005966691,-2.3784316598733284,0
155.8161738535302,8.915214302985042,8.183651749169771,-0.26330780687791616,0.1540318416835874,0
234.42955168128333,20.276912346125496,12.11793630358966,-1.217403793496952,-0.12058718847346953,0
331.38019149186243,16.257435117332946,9.186873111879128,-0.5942108723816666,0.05389734703320638,0
202.25984352669985,20.536706252100945,18.36795084163116,1.1663705456692521,-1.001314654197967,0
423.05195227485984,23.63660166629942,3.35133078609013,0.013043374376952133,-1.1709248938074537,0
54.223489415875854,22.834315448683974,10.885146740305016,-1.3307051313309262,0.8634372801898786,0
434.18059058061203,12.780097593983562,6.193834222103782,0.2431346551384891,0.021888821164834777,0
278.19388519337036,13.385011830001055,8.282821364313325,0.34166023195262635,-1.464974746104889,0
253.8465930957772,15.459581315421982,5.665688069851546,0.6544310271056212,-1.6808704592381203,0
57.904076931898196,12.66425918932068,18.96739105577838,1.2184802148716865,0.28802836830548917,0
228.0193469784963,12.993782576342046,7.664307318945034,1.6238849928111523,-0.4296349785275087,0
409.63456306052825,18.175444971226533,15.701278420928624,-1.531535315243643,1.0216352138276081,0
171.81657233348673,23.233579489218215,4.09604818112419,0.45096263477647686,0.07386343441088038,0
436.3729921429203,9.866294462416956,7.9031059494461005,-0.30964971398806124,-0.7037103993314333,0
228.84788074045454,11.617849673044837,10.21140817457007,-1.746895691345555,0.6622629821596197,0
4812.130275046265,0.28780535147685526,233.53701151591102,2.0727374368497467,-1.8461878402737164,1
228.1654888450454,0.4212567207990938,19.125837630267227,-0.7589706989033448,-1.2703620463250862,0
44.656848960414194,3.8487697468738356,19.401489133334138,1.1032175720536581,0.33271932958518796,0
404.2477681914176,12.540244346054124,16.425003091194085,-0.4836171395554367,-0.7721923878043793,0
488.04677933395465,22.033837252779616,13.276489497054502,-1.5958939685741134,-1.1630426502846019,0
33.6321248988812,16.144871861013552,0.12094086367956836,-0.18820243877282114,1.7256937928147706,0
263.9334328642237,19.16112817244046,7.834849011245564,-2.220421008935126,-1.6273117279473155,0
78.42988447623398,14.009126105552735,7.095945793127774,0.08198881382471937,0.28384456730273677,0
216.74770119925185,0.6046419350215047,12.855901410126183,-1.9573385891339898,1.7303218148571686,0
259.42479713410637,5.46599366647703,4.045878983164073,-1.1789234912983253,-1.0660321716276806,0
404.06963349756535,16.505329018333455,6.707432124349248,-1.58242797402364,1.2904607413763498,0
98.07224363463098,2.478360213001162,8.10943352660837,-1.2855910007560276,0.3772632593422264,0
40.86120945830665,11.786297505195964,0.7342588696613328,-0.3188463554947312,0.6418941228586382,0
182.44053562941494,20.945526011630445,11.140810265500702,-0.5663945912147232,-0.24402835217113436,0
2425.282567821738,5.756637574446989,144.46932425306798,3.2718809225175756,-3.76130344358022,1
37.20053852771336,13.455842265988103,16.47247221497947,0.5008315910042116,-1.481580771551368,0
342.1533377126665,14.324445045306227,11.417078725575232,-1.6949734385166126,2.4187777793134635,0
64.68060845975302,13.067927018492762,3.115465211603403,0.21049629892150362,-0.9243573336303755,0
391.3601300457116,15.262567843841062,10.875741407834937,-0.3652808582038849,-0.7801438813877718,0
428.9624713882195,21.831043666478216,0.0006143769076483174,2.549009708717722,-0.7663225247814263,0
270.20846861700545,11.021757062326994,11.665047846251134,-0.4713157211511179,1.471585082569894,0
449.7843233209042,16.701578836051258,3.0779980938754736,0.5779785236395572,0.421716933003097,0
400.39770170796436,11.081187451514857,6.851821656222636,0.638677139880301,1.021624764399948,0
367.89094609556406,19.02619472574751,2.959166682188117,-0.5667051080550528,1.4678504449973098,0
3995.457221075328,4.352472739157823,403.993632234356,2.3114524902316496,-2.1677706561294694,1
179.90935287289614,8.301059057708578,5.926516037996001,-0.048965030858450255,-0.5387903045767108,0
91.77495646704152,4.019786138258585,8.894255537166716,1.530334564354411,-3.1385146662340397,0
1127.8705125185118,1.4598115678978028,204.9972297928295,1.8468503849422193,-3.311298905021225,1
837.5994000181317,2.7354956221326825,148.9960071036188,0.8679750820221792,-1.6928031840771243,1
24.459509221343975,1.4989822468577145,1.5351612377747603,-0.4806479414882414,0.29137898481594593,0
311.0179413415492,14.491090870785307,7.172431639071828,1.534482101794515,-1.151997547579143,0
189.75963685652334,21.55006048698398,3.6860279390019812,0.30638948207341404,1.0599501697623763,0
326.56828502837124,2.003138039745199,5.945744085626529,0.7228268949855121,-1.4387201010568695,0
3874.941429709889,2.2941875875002653,119.33407961288756,2.7826998672808583,-2.5134572651737237,1
28.864959235975235,15.272982756800985,10.252304882064,0.125901388394959,-1.0175847772133757,0
358.10804501285344,16.243711172577495,13.550916103675517,0.4360057752225798,-1.3641059938183584,0
198.58536064262154,4.402612713682428,16.591316628567373,1.3924559414830675,1.0152208918143053,0
468.42506189062647,12.07517934123696,11.552261612742674,-0.23823367505561752,-1.1132948341146311,0
166.03851372781585,18.855638833925568,16.672880209503447,0.655403829850237,0.12417568474461345,0
313.33078553040514,13.119557284506923,5.1718318226956805,-2.0503574572842003,-1.1298498572185598,0
80.25230229868082,13.710251278490336,2.665685161643463,0.9838523436061467,-0.963396341198569,0
408.65340708514293,12.43389038973157,16.54604299474492,-0.5844552918504382,-2.380739105523497,0
318.5972068266429,19.353686813588148,0.5730485515530903,-0.5655763678739903,-0.19330422644796988,0
242.85093889262532,1.6918066954354716,19.449227800558045,0.3080099022173409,-0.8385006163839522,0
56.534276445162334,21.18995559644933,11.66211514559796,-0.8711930300076307,0.9080226625361912,0
335.09780748532165,4.679404797606941,8.21463086982024,-2.3140440660001054,-0.270267604363889,0
268.814104342911,23.408235203497693,14.729463492381456,0.48058675842771265,-0.11356256479045149,0
322.23299867759124,4.8773541860660945,10.825402218833561,-0.7057734830953651,0.9623451692665695,0
207.43170748506358,19.905471956612327,18.34536133155361,1.3204140097838342,1.048399887813541,0
332.9485307552211,12.414457354598625,13.128192070013139,0.5843141664353099,-0.8980272263244584,0
123.39415158688318,4.202955363128478,12.878159141355294,1.3701018536103708,0.0105457117410256,0
302.93138686997946,23.233833154817603,11.648701537765918,-1.3581749214775936,-1.8482585300784151,0
444.41357046535836,0.0375625245953497,12.819310561975154,0.23855495377373917,-0.012298449308057612,0
490.11612476631115,21.050173944436533,1.423113577558195,0.13592456721834797,1.3094441014026479,0
386.7788216095431,6.22312221277857,3.364073115330364,-1.176962112769968,1.0371814056490503,0
970.4950616796092,3.4312181362303926,124.43040702561156,2.3981861901829835,1.4589198789516096,1
267.92891636051087,5.224017589932865,7.8751028313081335,-0.23492427152097461,0.11758862988720224,0
348.5044800112145,6.422224241471316,18.69087761431031,-0.6410812665383554,0.31444459087485255,0
3952.752354741417,5.670705044055277,286.9890185863389,3.312737955863371,0.4959794197121492,1
133.6027726267591,6.506310090337578,14.145578238113343,2.8243305910030463,1.4837439102037069,0
34.87428157532908,17.5776251774011,5.638367111945033,-0.2652375404702022,-1.235703022049409,0
457.577909247447,1.0778711758947805,6.976638149172603,1.1839874431968893,-1.7378046158464995,0
305.73470169121197,13.91961089827515,7.619825473367998,0.1680153405325285,-0.6286702470308604,0
326.5750912512224,19.200083562328352,1.1148170717488348,-0.2539517063972351,-0.7742038183529005,0
336.3960428231041,22.51116555441346,7.725754102910905,-1.031025275147307,1.3448540311806945,0
207.6203331259463,20.123804012232597,2.4260599601106825,-0.05250506853865217,0.39495797032330715,0
20.435651855335912,18.72877207216516,6.74661217691531,-0.16985235767773066,0.4704829961291065,0
472.64235103424807,13.114327585868335,2.197262274815659,1.167509822986446,-0.33781509419140304,0
27.38324170256376,12.1309228298508,19.418804992092372,0.07660907045165961,1.0687923213942923,0
475.9446543922952,10.914344221263866,14.663207562735991,1.3771809365045613,-1.4155240669137066,0
52.289980348160746,16.02625419847567,7.419474251843381,1.0972201916064384,-0.38003684628935364,0
331.84984625216237,0.24682790245660868,1.5393836601603472,-0.1850976494212187,0.6229440304133081,0
432.08455338389814,16.79134967093092,15.635596518574527,0.4527563520766945,-0.5106084992975795,0
133.09609089200836,18.926759152137755,3.224376239502451,0.370211889941741,0.7841464163534985,0
461.7648093041302,10.895757868792776,4.503220484318637,0.4168015744831139,-1.98468794144591,0
25.183695069608138,3.9529524823751014,11.767044419663065,-0.8561698406617501,0.21838898754417418,0
320.5278012416122,1.008592204113727,3.492943717926591,-0.7079109406740753,-1.3996815047326863,0
400.7108600896447,7.9725847947745105,2.1360140800472727,-0.411024936503173,1.2827949688389804,0
204.72401877513653,3.340720832296692,12.101790370810768,-1.1215301474250274,-1.754284852822499,0
1834.2570696077257,5.955539255603068,252.98423232118685,3.66875831284387,-1.4225503759285485,1
185.31358121879737,10.53959559920996,2.851131100662312,0.04607922163315134,1.3534536476212031,0
281.10279159816236,1.704837337056051,9.8203952533782,0.5519642593318276,2.1209935658451093,0
269.06324052827915,20.408352026877488,13.581332089912747,-0.7386974983295628,-0.7750449630162398,0
354.58990244246564,2.904600011644633,14.042149082275852,0.9826831427699412,-0.5781134587156433,0
248.84595652647045,22.65701025180955,11.477316993541926,0.08446678638994742,-0.2768893557688036,0
125.52373680526814,5.568436327411457,2.856286089457347,-0.14734022662150623,-0.6891117977217902,0
140.3365006056996,22.942051894927662,19.650425445120774,-0.4402592043864004,-1.1310672355025877,0
90.73492560545752,13.987364042003751,1.888377953209619,0.6855897462984164,-1.5679882655602675,0
227.64340116655464,22.09775160822325,2.910309655747183,-0.6314025555665582,-0.9085025115121911,0
453.14856776825155,16.863210554052394,1.89930550456753,-0.03633060804234174,0.2820342192093425,0
331.6921027869186,11.947500192822964,18.60796840338651,0.66536893503283,0.10353815394917538,0
50.285984511888664,17.584777214166728,6.556763977000681,-0.16838492247285253,1.782905600065144,0
488.05750868047664,0.731128471415043,16.699475713659247,-0.3863224754471755,0.9262574910843923,0
482.7337547358425,18.04192781750017,1.147836873765471,-0.8607291633953384,1.1655948951441282,0
30.58245197846081,23.443207884255823,12.627506520965019,0.5070202721353568,1.1910906831461916,0
819.5305110016484,3.151213201384783,255.08111630381813,4.768265166038466,-2.330848910400971,1
74.72422508800094,1.3882667867318546,16.04792061107265,0.25617060569427813,0.24511428437261784,0
337.49183878089906,20.007599086502054,16.526816219003734,-0.8128235903365649,0.960305168086668,0
99.97432573577774,6.876469174250951,4.879906047049445,-0.5878563049080002,-0.03302526371956056,0
254.05244799714342,2.252574835760549,2.364372445821772,-2.624817056374112,0.8942327745009349,0
971.701884233445,2.5927030536953666,132.19322843469752,3.0245613628969403,-1.6887668032217273,1
407.4279406644663,9.868596431870063,6.716327292830691,-0.05872042710462872,0.3350543519121714,0
250.701292364612,14.187127278204395,4.823304286155238,-0.48231357093630295,0.5724453061551018,0
91.31138235747076,20.893882201104166,18.0848658281513,-0.9626510119189763,1.156006669451127,0
229.99782706004774,21.999245660188976,4.1766187098918,0.2867741123825862,-0.7289592500331622,0
138.52605770090986,17.010375725499703,6.524410139618631,1.25761905635936,0.1551553428653563,0
440.6391483429218,8.046697201879098,13.755384127314695,1.0409541737977894,-0.2880627983512786,0
59.475702641199995,1.2541891028645704,5.318569012642376,0.7717961772356612,0.8070464166066873,0
25.229965051907037,9.782021005771607,2.5388882750994535,0.06807226924862103,0.39876376442481426,0
25.628085798180212,8.28200989231761,7.20119803861452,-1.1909165059737268,0.10769944910661848,0
243.2653550594852,3.7078128961182193,1.5055743330334725,0.4977883094177774,-0.02518868352947947,0
182.82051785288402,8.007081500084777,10.767262042020455,-0.8174081344143398,-0.22777097912363464,0
468.9281011820433,16.322685250727343,3.062890001679124,-1.4940377932897506,-0.8228559015184324,0
451.0732151930396,13.972769918258733,11.904594654388031,1.635797806135815,-0.8148681489093441,0
380.1338246798627,1.1554280634804828,4.35782759253488,-1.1863364271098544,-0.8838688951407293,0
233.6928728038457,11.82875002673872,13.434177184881214,-0.6051562356059974,-0.2831518848798757,0
172.81974656910683,6.891310994029813,9.850707614285785,-0.1908722195531798,-1.8402663847955685,0
125.02289929919118,3.4284068952201263,15.648516244255756,0.7289411945704503,-0.9323712431819872,0
485.0900192202813,20.294504711757764,19.091318577176214,-0.08104596472174376,0.6666278834568907,0
232.60120976581348,19.145574320357134,14.152411714810707,-1.3045894438004726,-1.2689825772544985,0
331.797701475277,2.3168272846905795,13.956655710103401,-0.8456731044941129,0.3333698512608781,0
486.87703974281146,23.448166906534645,2.3876202267639357,-0.39989999010931654,-1.572989257072861,0
350.02279179265764,15.219411319097684,2.519103927587165,-1.183056184734389,-1.2535060123717616,0
131.99857793217507,23.895146627973205,3.2289537206584207,-0.3560920486190552,0.444853537557488,0
151.78511273738934,20.35462164037512,13.110199436922251,1.127686294516429,-0.8014839218310068,0
402.0875054732496,8.693650599654921,13.516458502081472,-1.2291835978004162,-0.48298392607284074,0
101.3381433512787,0.9614188572166675,17.542551237970034,0.05252636821531626,0.6041074554390441,0
68.55517327979199,21.143352135351776,17.35959253461806,-0.16270370156909178,1.6389605275998331,0
141.02898759632737,14.383250787346505,13.899402662429516,2.387967705524732,0.7352693099749874,0
316.55232587695497,19.73813696803868,3.2532163021097027,-1.1979664292172616,0.1869902097246643,0
479.99043893891155,8.169877346742233,2.250062610532635,1.3897641339463556,0.18209824581586204,0
1987.848296867939,2.6636697619603136,399.2683388475303,2.4713194025433873,-2.533902375630456,1
485.10646282309887,21.339070174560238,19.580636815833348,-1.3208783553773176,-0.0628938668998582,0
199.96288079880844,19.109794812992845,4.079892072187747,-0.8125457701219858,2.05419384125607,0
122.90047661812963,4.726216906882281,0.214305953907179,-1.5125289652988756,1.0472764085594626,0
50.147021009101735,14.58972513817689,17.958705868874738,0.5873916998060122,-0.8679224627511536,0
396.0650659719954,21.348463465050315,0.1965510513957569,0.3374820747263991,-2.072355181695998,0
343.20777400337465,5.796015071828003,9.502167298636708,-1.4947561464496442,-0.3266475631886115,0
21.598555194210793,14.58605093406534,4.6216170574899245,1.1910858547734768,-0.7423863704307346,0
79.45636109624645,9.311682238724867,10.325665983953481,0.3981472651225371,-0.03151851332810415,0
260.22003414672884,17.814076492778092,8.386693608385766,-0.796064137720634,0.7445863984731299,0
45.470720814691596,12.250379736101573,12.836390336028707,-1.4042395662615887,0.7320809514330224,0
159.0973110822218,13.942809117316305,5.17584816729048,-1.6339229590592872,0.6082671663441893,0
233.4313449892434,18.546514071961898,16.527806232011105,0.9198715159544302,-0.0018287588441003935,0
201.5058509517703,1.9745357826494851,19.529130588708203,0.0923767916399243,0.18301292831148205,0
453.6454206218943,20.96876624319228,10.118633086391169,0.9695690257529068,-1.7257711248125733,0
86.31156997584151,15.185085089966421,5.375952300603963,1.8076085077692632,-0.07434532975852426,0
385.6487705143527,23.067251649782232,7.6190369004695,0.7157342411708404,0.8789639730706512,0
181.05799465014982,13.92213203206691,19.842712789571657,-0.021244779276242128,0.7642132033388553,0
166.598347580776,12.360135833033354,3.899165429972611,-0.13808233466148176,0.9943515198154235,0
209.99422750181887,4.980982468936883,9.345219920150052,0.3604416762927729,0.3463127102248866,0
495.07665580161034,14.902285619482349,4.206371125715873,0.6688401305462182,-0.6302492950044363,0
472.6590362918019,9.347565477658089,1.0913081656539791,2.394361900582451,0.48060859334734735,0
285.3702969469641,6.779905583348454,14.127439936199922,-0.326673247509044,-1.2858640172797149,0
470.52699925469256,19.657524332679746,17.322030907556695,0.518871180440122,-1.0990392245318592,0
170.92263461472095,0.566279151492699,17.173962424891478,0.5402879440356954,-1.7392051521728,0
256.2671374488052,13.260023217789339,11.347818883121468,0.5560220968422908,-1.4605008994184878,0
396.831626644295,21.782664061357316,6.1554181058629815,1.6637328321434735,1.992036635959309,0
236.3637480686855,23.20884660614751,17.673679353759795,-0.7239647304677874,-0.6274207344263732,0
3266.4692892031803,3.0540206728957093,479.5868810120251,4.715042295308742,-1.8033210129872796,1
196.12080571138324,15.15138127420773,7.774526957530934,-1.6846675772263868,0.4136162575716805,0
462.57611671138255,19.602707196135263,7.541078620033977,0.7534194635024307,-1.1341711452777905,0
434.96846813802733,8.906710522323067,15.24424116628354,0.3383574419359596,-2.0683757154310323,0
68.38269028409735,14.129556531151676,1.9601536956148213,0.08451847581532725,-0.02243605198057349,0
199.26032817420452,23.185140123088253,8.529994944837222,-1.397805478424297,-0.6525282932166452,0
422.9567559561099,12.030615471017505,19.953445265293183,0.7732399866657592,0.8778260312391258,0
279.31811124531777,18.102359360328546,2.212071977463217,-0.6332313967149771,0.41195299906180954,0
103.36426235941533,19.960729048218564,3.6355773443472383,-0.2991817724274345,-0.31469082878809246,0
403.80672571027634,1.6491282653750634,8.690619266089907,-2.899513879868482,1.7230747176462498,0
53.10236441653043,17.971832087119356,19.839254944772865,0.7219034854381414,0.2990857340211059,0
388.6907475637517,5.29468686506907,2.3271697032899175,0.8393491142316022,0.9701750825678591,0
444.10778001123305,19.149939830781456,10.59881173860466,0.1263141994832002,-1.765387587029974,0
37.99276007754153,1.5879645320265707,18.57111065788272,1.4488201083377155,0.6823387820596591,0
48.02554260327473,8.371692815267505,8.400220085913258,2.2758254276476375,0.967794469003426,0
12.124776871729155,21.669479884607693,13.236691702279963,0.587855888137735,0.147298000389084,0
298.21341265371433,21.496194662850687,4.515791043012582,-0.6314370274831833,-1.2981039036871578,0
176.10530524531228,9.276972163752669,0.911703158973376,1.7041020780591178,1.0736219439075716,0
41.38088992835627,21.056410875188128,14.016168360034806,0.7154930967694852,-0.7934597298834714,0
478.46819215824263,14.67512666941586,5.362864592238417,-0.22159969438503932,-3.8366555484593694,0
228.89755083655857,5.510355858095248,5.704116053608281,-2.4353123317828884,1.2991498205476675,0
116.09808305914703,6.903185497048277,11.079865110062618,1.7665118003276337,2.404837542253973,0
347.67689943633695,23.35387591133599,1.557130392175392,-1.0512200297825027,-0.3755000400755709,0
95.14836826590614,5.7968842008403625,10.92814148424264,-0.1090234199634638,-1.2855991140527723,0
223.5575981798216,19.708758781205436,7.2964494041559735,-0.44854283652786137,-1.4955415364982039,0
420.7313449190266,16.731259341403423,17.06634373333172,2.64201191049262,0.09131472861134962,0
346.28515972294656,7.84182100872098,2.3594496725612313,0.13949779614745886,-0.16013013959793715,0
73.71945046145802,6.858805332620885,3.7055370066708004,-1.8207602778020162,0.5880766751678318,0
4958.606101756721,5.7260757097398045,276.081257066057,1.856799827228853,-2.8816069539798477,1
1371.651317535659,1.106209428118163,208.04765883731963,1.814974354777188,-2.464264828890844,1
45.11787687428573,18.022555160719637,19.231014642751326,0.15140304795173262,0.08797354712916895,0
250.26820152206824,22.57882849207459,7.537337606943771,0.7451508642848174,0.31412949645066596,0
376.6811785567912,2.592618099136593,8.860674126752388,0.6709112482768751,-0.2821257769339113,0
360.47092273211473,3.1219360758947268,12.30139508029396,0.4465365069407115,0.5647891059076481,0
41.017688150275795,10.949676214933008,1.1376279555529312,0.003147726906326633,0.9280906109910811,0
450.7069382958486,4.890395019064538,15.049366751729886,0.9513062442994834,1.4697842587874956,0
19.836926986975584,17.999467162849697,0.1470608910885396,0.44174673637755724,-0.8246503402906875,0
437.42141893285475,15.038220266237046,8.215776199992234,-0.13418021067692457,-0.30906623673826017,0
41.2319822653796,7.806974840681947,0.4369342397240361,0.5187930174517212,-1.0126444414430895,0
77.80137305987378,3.13565625176311,7.655682008060811,0.04128745558743938,0.32099756368602317,0
345.75918623172936,12.16609051108403,17.51809849999789,0.13416641599584353,-0.31608296112297335,0
246.9790572271755,4.077144145217647,14.0219517472854,0.10291739052323721,0.6419471294437011,0
164.56515326248788,1.124445804662475,14.692166014210702,1.1598399663883443,-1.934964117240471,0
36.783423852191376,19.793837696328183,11.163423677808815,-0.5186667196212101,0.7597872369530771,0
129.63223643355525,13.469346918780598,17.95929293695577,0.12861745040496653,-2.6745671281541408,0
213.75185880236043,4.9500507320676626,15.129021759778237,-0.5180690194750568,2.3176367886738785,0
367.33700119664553,18.263778240674252,16.374804589681016,-1.58358838978758,-0.3656770825305199,0
79.77365643154562,5.941434486717274,8.707926467995028,1.7221550978081948,-0.5046337422892345,0
364.36005544272126,2.7979937893367213,14.950412734930097,-0.4268041949352576,0.7927110177336647,0
283.33692385956533,6.445492018887422,19.4980854562047,-0.7618246716588487,-1.8119893375620542,0
53.427909522245734,5.7482440778289146,11.131568570043067,-0.6536791406374189,-1.027923765010739,0
200.26575789216747,10.77693043032302,19.488786212769508,0.4939773822056448,-0.11359216170196468,0
94.66892801966675,5.493011099603976,6.6975658027397,0.8625434846151703,-2.2185699659510996,0
315.6412496416114,10.34364529231911,1.171306105690677,-0.14720527868559727,-0.18901429768247416,0
371.6804657883312,23.49851851236371,2.056851843149534,0.249548189598077,-0.9240628073410654,0
423.21327892988,17.846253988237436,11.654288986893631,-1.340072071123935,0.872153105684055,0
154.18204771125033,2.5287581340205554,10.361549960806895,-0.8424326301263264,0.39559883476294233,0
24.51627162741042,23.20429199518285,10.235609131389614,0.2587698052439216,0.4000000056135664,0
45.26764641774038,10.05474696449941,6.62704437472634,-1.4000707231830092,-0.258008536197609,0
406.0061303661945,1.6713875558977378,13.529674990412088,-0.9748065759228419,-0.6656934648935469,0
132.681105719002,12.928843150865141,16.346106244264735,-1.0370660735699961,1.5941779562040121,0
290.3756553795555,8.921377593656239,12.426612483114145,-0.06003754168856451,1.2106745525421971,0
12.651025181789377,11.30802957438755,8.223809517389821,1.6043391083085963,-0.9783079498224979,0
418.29046721565305,15.898416280825634,1.352094989447663,-0.6172122466479616,0.7244910603817276,0
473.88804580501005,16.045743521349937,18.694598309766018,1.040061819902576,0.43712677973105185,0
335.44108056790844,13.854696701595149,5.932249643141862,0.8891538247878059,0.7690316554422755,0
202.50633841571448,23.38066665159257,17.50977300791793,-0.2205382291565374,1.555198534147342,0
391.02623950220817,3.827814300992599,9.700359750480825,0.697586970339199,0.3343270545535034,0
45.055045110369825,4.68399641324761,6.587585386041514,-0.1570248284447078,-0.08269774501839869,0
27.495958269021646,8.908138162503061,17.43826122561011,-0.22104246353705057,-1.4762625440017794,0
409.45067511989356,2.9500962831693016,3.2291566812848016,0.21865930675729772,0.34292637732134257,0
226.98053337926828,3.155738877551559,16.401350041112988,0.2113965674706589,0.17852916972047786,0
457.0540735154533,20.537694213738874,12.06300240245894,0.019381237698025213,0.12428569485085071,0
370.5323585794066,14.287278382259737,2.581424938617629,0.000755507454595548,1.9025582052295598,0
149.94690816697755,14.285108019044994,1.8270648544711166,0.11112937529651211,0.7351321130540912,0
20.041594549934246,4.510089139567753,17.25919246626037,0.5308943142159493,-1.0006293724832407,0
150.7522015744449,8.044993136900946,18.68866077506883,1.1039335467019071,0.2572534211115017,0
288.8517546210266,16.85421038475994,4.674815840734885,0.1579743122514517,-2.106889114626081,0
165.96908179122397,1.8167934554348992,18.826687855738033,1.6722659040975276,0.05969188057973627,0
401.85540111954697,17.960540487977752,1.989893377459293,-0.3610092232525697,-0.04779925038478981,0
465.1169264026738,2.4454173135843247,8.147310484256646,0.5042878533842724,-0.4333895666861532,0
222.29085324928988,18.095085686322815,11.278391335112474,0.7564883543160984,1.0725417995727589,0
137.99529289554832,17.492674614478723,18.300030754950544,0.9639069340758625,1.1782528475480023,0
349.88489685525457,8.684474236923329,13.450145253472982,1.3739143852114495,0.00878844263207182,0
214.7504355561376,16.92333949369352,19.805703411698826,-0.27293332022551287,-0.4603067625743631,0
277.0167967502491,22.921452275639734,14.604434355144985,-0.5012341077902127,-0.5974788580244034,0
367.73676465929407,15.807872518554408,19.15942132964908,-0.17167365392478334,-1.1238784051255941,0
498.33523435158315,23.616315917051143,8.797112794276698,0.7310006267854814,0.24748054764010466,0
315.71548627035185,8.87551814369224,3.0756741102643237,-0.46675881195144053,-0.8766970856192929,0
287.09539401130166,7.087235461723987,17.947714349274296,-0.8186050266600786,-0.11599707232153356,0
450.84742268557295,16.609767528584854,3.6808954410042705,-2.2235741679371968,-0.9560585516833945,0
453.1640783275355,2.7321214434384338,1.720643140658864,0.2678436378663333,-0.37563366071734017,0
169.83594696380797,20.461138109903292,0.9858898552883288,-0.20698458909836875,-0.3773865174622099,0
61.844228245905754,3.429023072145881,14.700503723796468,-1.8465730478044171,0.6751370564069208,0
187.04087868425836,6.995061923851053,10.563785235127124,-0.7559507066919204,-1.6171718900455445,0
262.5523119473777,1.3835419727765972,16.518646171000324,1.1218615047942522,-0.3677845265710552,0
14.103384890996033,23.838120370151138,10.247856414642131,-0.05704116685294176,-0.03658003987684579,0
229.62582298490142,4.8833458199423,5.5113355261835695,-0.35077820560155415,1.1277880271116458,0
401.176471372069,11.160228420634262,8.868782056720882,-0.8607568017018197,1.4980117703044276,0
1539.6626207617676,2.666362913494619,152.09173234917236,3.944609271613107,-0.7531833452003664,1
64.50348240845118,10.376309433680335,9.704609115307123,1.6232566905280539,-0.23875260206343432,0
462.7233410478886,11.134353043495986,4.4863711770705255,1.471034690817104,-0.26995189682516413,0
709.6097393894372,3.5336618910440922,407.8791701587501,2.601119888706672,-0.6926660505677871,1
413.7792915295575,7.134978967376007,10.913919376260516,-0.0547783603388251,-1.532683970923734,0
340.3943591119298,18.16203613652724,19.47600826714299,0.6523061516102304,-0.1330031639300636,0
412.18727752653086,16.097575485740016,9.57056739839045,-0.11464083550639245,-0.2378070374259397,0
110.41725994691082,21.12755429157425,12.087186394295422,1.0469117944881394,0.2320946379285372,0
346.31574176062276,16.707747483310207,1.3750781284497493,-0.1231364353522676,-1.2060223714081189,0
297.22210677709256,19.70354441517938,11.5958568766591,0.3576613666310894,2.45987198502938,0
155.04853619293766,3.291563715665836,4.775035421720482,-0.8837191406910628,-1.1774165052492886,0
299.71558357342167,15.262912971929484,3.3771692674079,0.03402958634668099,-1.471126405373518,0
434.2007976971513,4.197154492223025,11.884836546171943,0.6455877121741934,0.36901643782516713,0
318.4099309190411,1.2803519277335447,13.858178220495354,-0.8610496721655755,0.008857703668895378,0
43.09183480645853,17.02369988334263,10.940906912311554,-0.16041938197534772,-0.4509940170293094,0
10.460475892180371,11.191185910555651,16.563717386469058,0.9289320135322151,-0.46507594620100606,0
14.019803697517116,9.228271863475502,19.74672317159092,1.360115900180313,0.03352470238858753,0
409.63760570313985,20.69287136779653,7.193511224461355,0.43841269949664524,-0.36249900288206854,0
94.71036775200177,21.404931475457634,11.54234164775813,0.013450364619293007,-0.8414495141290085,0
263.91738526071407,4.006874129932769,6.128308987020727,-0.2569451251217815,0.09931381495134962,0
362.5150213545678,1.3942068499283948,4.193805548604017,-1.262769775698564,-0.9647897376296856,0
493.7016840108975,0.7429389820642447,8.108456502783099,0.15532499919940146,1.7509259419271435,0
27.77130780076761,16.027312397433757,11.869227654094477,-1.911316891662504,0.6149446390313781,0
210.23894124487674,18.75172453793532,14.839554590279718,1.6748596729140648,-0.6290378612036109,0
243.35356399871227,5.961206609836981,16.103487947207537,-1.2331013050148552,-0.38448912104151794,0
469.8385107638836,17.14383925763994,15.504690777981121,-0.17262913429083468,-1.0633544998303186,0
4394.432322872088,5.0860871877733,440.4863255367788,3.7912212495415956,-3.0300985933510276,1
95.78523237744974,17.329702516865687,11.552635086888452,-0.912810919296513,-0.6801734763479509,0
405.88785069804425,6.628069387701587,0.4789253054096698,-0.5059661989878553,-0.1493614956496412,0
107.90369629728352,19.0222827909212,4.999457817376594,-1.187765239917527,-0.6610250546274942,0
4600.652683254297,5.892267736718304,474.05457845211083,4.785712477790224,-1.5197182176171906,1
369.75250374737016,14.632738203662782,8.636141902155545,0.18497057507315626,-0.6547697756239492,0
293.60557267999764,23.043254505730733,11.907327403137453,0.09109360625591317,0.33899351380941967,0
190.5609368642335,1.0497377354147366,8.84066841862247,-0.2357112448566685,1.0306598082415594,0
1437.7265555397141,2.658455597600693,426.7579997819567,4.039222815451383,-1.7119936445469848,1
391.0383951995238,9.503291343898917,3.2273471677676624,-0.46913085421040895,1.7409414865969908,0
343.23121142022006,17.362747628400022,15.535968744172614,0.9737262308523678,-0.897659385275054,0
178.60234864859652,16.67029025407885,3.8403216948007346,-1.4509278911112242,-1.0500547898231862,0
250.45848886399156,10.040012738454724,6.842652002237899,0.8648244384910113,0.6166639764711183,0
298.5106714602891,18.99739686219288,18.26459372558541,0.321291470757388,-0.9400159321237541,0
475.3674901412972,10.205476450504655,2.4499572393197844,-2.1943824698200243,0.3813528345802849,0
398.65731937064567,16.488462396077825,18.26082933779712,0.4158368362860605,0.624903594654043,0
393.58318919934317,1.1907449601320987,1.3055351513292779,0.7418222943901266,1.2638559390963884,0
743.6048378104434,2.2098622925203903,324.730923841472,3.0113402705912,-2.2066115905818906,1
65.08627698890618,20.029722966135065,18.22241002783915,-0.007688995721369474,0.9669566453448166,0
221.5500864017459,0.9470287893815836,8.836674096039092,1.6075783063995104,-0.07749429989298792,0
455.1135990289971,16.98434243378198,8.154962100054647,-0.5976676832548571,0.9017286971402739,0
258.1144874361642,5.452309368564357,13.650649190754432,-2.3203155982304233,0.9360561679360162,0
114.1406734897368,3.7745569963131684,2.9432650218989065,0.4094385306422523,-0.5161166418714347,0
320.0231535755713,5.927491177727996,7.5808097076607,0.9374774925069249,-1.210160502980885,0
118.82752991608766,19.75161132100242,10.649418157677948,0.043040870850387644,-0.8533994740391114,0
65.08554501410231,5.292102322455531,11.547068024393354,-0.03227689410261781,-1.18023173420037,0
293.299215812587,10.721148654204487,3.7318019374633504,-0.4432634648179029,-2.044629003801268,0
378.9978135788091,18.64105336692435,6.169365629789681,0.4892545350763276,0.491412756355527,0
332.6103989754424,9.254342220320002,6.312664307343045,-0.836980354439587,-0.7402322525487084,0
43.4786452976675,0.6107462377380211,3.0289104387071464,3.112910201043841,-1.125654967800585,0
2316.904747152559,0.5774789468442982,493.8425790224058,4.532944165017213,-2.207502923024567,1
337.58690808137055,20.24759193724377,4.975835774783541,-0.6197721282538776,1.368094236814898,0
311.9360141846142,19.73231728359416,13.260544074462947,-0.4124790118879367,1.167741925527779,0
375.3885467399109,17.344966984757484,3.5416451079457967,0.8168370114309812,0.05519924253008922,0
201.13979935681607,21.746089451550255,19.316646394366654,-1.2709517210922827,0.20545568703630285,0
4870.838571379664,3.3889098837611824,369.4529450216541,3.646514538195115,-4.407057514696718,1
61.05283269117385,7.039406658733553,7.533528808589249,-0.978740836309766,1.15469376671672,0
363.75955190673693,14.010546732338678,8.270330605799183,-0.35368575956700604,-0.05796399966830253,0
7.733447976183188,6.553699439347498,3.136254106336114,0.8089192693927194,0.1293680067038185,0
9.836569472495912,5.9989667135429094,4.796399044131805,2.098221474546747,1.542276627661302,0
430.76058660865624,6.2456783516455046,14.81327162133252,-0.16424198503203188,-2.0149012325066082,0
487.52261526265767,9.384788859057569,19.273703773740984,0.18430906407810346,0.1177074184609581,0
111.75920043687,19.723942718048622,8.343285579514042,-0.44565030302999453,-2.8500301093171823,0
349.3956010473855,20.581496103870812,14.687313529844367,0.887079776446287,-0.04427331984464883,0
180.53796803218438,22.73017601060446,11.929341508270873,0.2731184342936442,-0.4213568077704419,0
455.90895632445205,8.75024947674096,9.536777554662487,1.0484826510505925,-1.1640506324058255,0
239.23890381232079,17.71001744049661,19.396377292675695,1.4120268785432495,-0.36162810937254564,0
329.8001096521304,17.63822033747746,2.113006908978614,1.1247767199858125,1.7183639957638757,0
2067.2357691343614,4.5724299206383545,424.9442556096181,4.719730738099558,-4.8206533160946226,1
404.883741260923,18.260431942338762,3.323699992194984,1.6533096371785305,-0.5924654553805143,0
26.370999219520776,14.305966925719343,14.065544554649032,-0.24633528117984818,0.836484137964941,0
465.819604275954,1.8473200651409778,9.611198816725361,0.858139070934016,-0.8550954744092049,0
43.835908764421646,19.317762644194527,10.005570704155208,-1.9140600705874673,1.4287601620367705,0
126.44780929225388,22.811020093807098,15.091387224114731,1.0901834710204468,1.0595655726233972,0
448.2839981056192,9.528360989692601,9.569821402143784,0.9282456913443246,-0.12653257974705998,0
279.9049577141275,12.461389698724922,11.184362635369162,-0.23644883673585937,1.542736367279776,0
355.82862538277334,13.521800747612499,2.5128698482462797,0.2576008573981294,0.08387250176093364,0
139.06196437472673,21.858483879453964,11.537624026224169,-0.4194347526585506,-0.29045391622778904,0
486.64022460246053,15.232110558094595,7.939843244149483,0.21060083929764178,0.3735336834117687,0
232.9670511506993,8.210582900726257,17.172002139649965,-1.5449359221534005,0.2290948316463794,0
381.31279064539484,20.144123816544056,3.48818534222999,0.10716991525959621,-0.9793002302826354,0
2453.319868171912,1.4717405618618578,209.0969843919517,-0.21214632047955728,0.07020840830277209,1
132.77604918705813,21.181437042536334,18.707889793355974,-1.5004765491630017,2.6068591631497697,0
448.0832816497355,13.578757316183912,1.1020307031766219,-0.6161434580489434,-1.326262161949157,0
30.48198186874473,13.044917216223507,3.260382276297724,-1.6167133749480143,0.3912093272373939,0
117.89948711472158,22.600607679792734,10.6664709571921,0.34121584249203324,1.352039365974326,0
2344.2731514931734,2.8555601841897795,481.56979859213345,2.4237275014395365,0.38803734786412525,1
16.122307618458112,20.353010150435615,0.00454076436511075,0.6558921377875826,0.7075918219746196,0
327.4530922341728,22.04223437148981,0.7118046161295277,-0.8506132529519478,0.8515910458931973,0
457.8487210287095,23.791869637541293,6.576452356972187,-0.5125341106465501,-0.2570524088130647,0
475.0127087105328,20.879259831544438,9.665885699326504,0.1007910726448063,0.02443184017803416,0
19.247424775102793,15.029623714105533,12.51301578854553,0.019458255518883118,1.8060891178369614,0
187.42054014326177,14.802806588460989,7.5947480964329745,-0.2811254848880863,-0.4177830125136188,0
456.619856080262,4.903593201575287,12.332439563305503,1.243405797187162,1.3142265757035791,0
188.66418767737832,9.886994280818447,17.984978365784052,-0.9943550656308734,0.29335203632298334,0
68.79058439935537,2.2096076659794104,4.081287770932011,-0.9224129848439533,-1.1285906730970345,0
337.9380485214375,15.177391783881298,10.038908102636835,0.0011099446872931465,0.6581430360025633,0
235.47101897556777,20.908907574313247,2.6194748598834816,0.7309589763762161,-0.51590531313234,0
39.36480215931622,21.536780778982365,6.96103910954641,-0.8953543736592,1.277856655030514,0
203.95580223657487,20.680581690896286,18.761282791362625,1.0488641418753621,0.7595000375161222,0
100.18306431029204,23.537744246002305,3.3977414643811454,-0.7668640380045524,-0.005106632027225022,0
492.2790794482583,2.8440629663556374,14.480583775458424,0.10705745299229676,2.369287300811497,0
327.3603236355386,6.52670494604277,16.52929218984366,2.105297429458312,0.14782073903652695,0
80.44592659855662,8.527673963373305,16.832440150855483,-0.5711839740841865,-1.4035586295636626,0
205.1377902116246,1.2477444474649797,19.339370292366308,-1.5478015563090313,-0.35208774745388094,0
272.04818972579193,6.367827301331207,19.112989345329787,1.689188933651679,1.7649138055507714,0
447.57910582117154,19.322167643895906,6.055502565439344,-0.14487856194788684,1.0729296145073466,0
467.51167231066233,2.88497349889383,16.92248421060463,-0.12903411512978377,0.28123049221860413,0
213.6051525432865,12.515031329315327,8.302913079854914,-0.8515399797793188,0.4562494885285328,0
349.00078900671855,11.821657698079143,6.081892719425676,0.8767141863861161,1.3342291941726905,0
246.87837925030954,6.209079411730583,17.392993696243426,-0.3432059268430377,0.3056655686425959,0
438.998990197066,15.639354251454638,4.41302119243497,-0.5479053042069351,-0.11381253841375806,0
346.74544017153585,21.43416492468996,11.094636065647085,0.08108254290082371,1.4436703191662383,0
4680.843621155706,1.7107990510842521,450.3809006523755,4.912025774519229,-1.689290844832147,1
412.1940876642708,4.304544246941783,10.303340567731777,0.18007103769598148,-0.5591638350592083,0
25.57856522994409,18.39636118878203,3.3604010438535714,0.6441237678501087,-0.49419002306691273,0
114.49867370070311,5.529999890816398,3.3762001156912835,0.13556341641470915,1.0522111559570586,0
98.11997406326185,3.4222594579658097,18.160370908433247,0.5667717261841796,0.4498272137265099,0
127.3161008350225,12.358400397918228,6.360792233890398,0.033719054901053244,-0.1720413592654725,0
326.73214573499376,15.429165841408985,5.518453887610937,1.2024512479830722,-0.8972530061612568,0
65.14318126895444,15.924566253922855,0.5321673215536826,-0.43229517910733023,0.01999548620641927,0
470.41396950535403,7.606718106986863,19.15263292545176,0.13069002446438233,2.0642201348524107,0
408.8373968703558,13.172607961856542,17.689574551935184,0.6595314695891383,1.7448614066234935,0
143.98231940822362,1.9057580314327085,19.545598651328945,-0.7908817916945654,0.3824333156925354,0
426.8298426576774,23.19401726079378,11.971259864355199,0.35116546762708406,1.1711676327061467,0
86.58333378607138,10.41225414852586,16.689165057121933,-2.301471717669987,-1.0677225770385452,0
136.197982020877,16.94990790132629,16.42518840745691,-1.2395880125250283,-0.787036278933299,0
7.50548400387825,6.645707697067414,13.593944336666905,0.9552692372072055,-0.7871740699869963,0
387.8691972148673,9.30782615800635,13.53234467105013,-0.7373799034979586,0.10618291944021628,0
179.94358275484547,6.606917122844644,12.064908453680596,0.04932816579484362,-0.6304584541854775,0
27.387508010716342,15.268256752997585,8.064155122665044,-0.5376457577798165,-0.6982618487513923,0
448.12738465516367,19.88326318677881,10.938577519709538,0.8438395096417373,-0.5318777502893286,0
1947.81663436225,1.7870840901601308,88.269629587732,4.706665171002993,-1.0046031971588558,1
365.6028851949985,19.942780105321642,12.566942350988889,-1.4991812019576982,0.26881235641215423,0
151.24516485132304,8.159324731037955,17.54240935324576,2.3246989143234176,1.4854773692725496,0
275.08031071138777,10.641120345100505,7.599581579307893,-1.3505559643429832,1.667256841749534,0
85.4953849757212,14.538701986864568,1.6037351362422658,-1.2742321190767951,0.2875639051673281,0
409.8936769389358,6.417648668580991,4.3206288078614445,-1.4362538649281178,-1.7210775209604694,0
478.0474916237279,10.386405110382302,14.758555379976006,-1.7793989305072206,-1.5858456403858474,0
227.93361344780163,10.553771676189804,14.319693870834483,-1.455054605090552,0.08291185317203993,0
45.778617579842134,17.72935561743759,0.8299465101981274,0.4504957237780347,0.16279661809991253,0
419.32159754001765,11.59295274141336,1.0252691835199634,0.08298741881250997,1.917259148426123,0
329.34478041631576,1.358055747521175,0.992118166989655,1.7159076311326944,-0.07310730200893852,0
363.54771447872685,15.817089843173576,14.36028356254003,0.07215323682176132,-0.7074395448121878,0
446.816704252539,0.523761522611748,13.421863141719522,-0.016610342325908987,-2.703348047107357,0
310.2419056877653,10.904290153623723,10.386253852846064,-0.9764000486637974,-1.0590371220120975,0
4434.334520999784,1.172535519830094,365.1378592477132,1.2965461428632565,-2.358909720727777,1
485.10762691822856,18.149126734804245,13.445013745883895,-0.18592448094877073,0.43235271420033994,0
433.70162530270215,0.6608812768671717,17.502672372423042,-0.2376833169609843,1.1633760551635501,0
313.53257277964116,19.263439435097048,14.629727194062315,-0.9845340504819681,-2.0276772716708487,0
220.88263192198175,18.519045863486586,6.4170908549968715,0.6445954324151765,1.5391972001749075,0
458.1667073060807,10.143100728326619,17.763826993226083,-1.2395622860802396,-0.019918396299731203,0
63.49158967271985,6.105397940204328,8.054074419891204,0.993782214530439,1.2019316695395432,0
415.3131597045853,9.436684824670134,10.06690261212308,-0.11000549870105147,-1.556951086706478,0
305.09520418673384,3.0240486687358628,12.193638165515548,-0.023050556085466193,0.4403539938779136,0
158.9362492492528,3.2035193379826508,17.723635442586904,-0.18826133508630655,0.7031401972360493,0
204.47518848875492,11.74542089775813,13.867550770377049,-1.2101609434141578,1.1361913746425423,0
127.62683980307294,7.198058676167633,0.02224188392374815,-1.0506233218278012,1.783922595201769,0
33.751388023258734,22.993763522865123,8.624677395831156,0.690472686121513,-0.08225369967145317,0
450.2894137709114,8.64121118162348,16.237322480207595,-0.01330463537863531,0.475751991831532,0
442.68219935746185,8.954942842137207,10.764402037369505,0.8544020011207198,-1.389780143192669,0
278.2633545217302,13.56204749886615,10.257494846105356,-0.7094311573284758,-1.1179276080367397,0
207.3234146935577,11.03195688966387,2.2518093305838893,-0.0678713816994819,-0.22580674907604184,0
281.4101036192235,21.91888674182968,1.2407352725756304,1.2531328247682434,-0.754866196571921,0
230.5500926289279,8.989269288482912,10.805577863748422,-2.0993562644190256,1.0108397350203135,0
409.8279370066357,8.840333131064432,19.762481519092706,-0.9984408528767182,-1.3200771877373016,0
273.60909418025045,18.38555463684726,12.119939345420509,-0.6506598273683837,-0.9253922576429561,0
437.57558839344506,13.537776692004426,7.836217892343433,0.31996519114516303,-0.9004484613780268,0
4409.407537414642,0.6970846500713457,318.1670654525302,1.973339396870726,-2.349812747309591,1
93.94313889076977,15.082234958750089,4.070697477737928,-0.6534628957248072,0.6938234538591022,0
399.7258806954294,10.145487285454374,12.46420746136014,-0.6075687917795559,0.011862679180784205,0
495.0303150330229,12.267099341693516,5.712519771244862,0.8272361076574231,-0.38762983266324635,0
257.1639534341459,0.015681378271189317,12.779260439465691,-1.426018117120452,0.8790141545570074,0
219.08644977341532,13.70105800414743,1.0233101289095181,-1.097143649628814,-0.6789803464631321,0
52.85484257512621,23.226275166469488,13.625642210648676,-0.816154989028044,-1.6251212588825248,0
447.62448295873855,17.698226058496253,17.341203647578947,-0.7180647836182643,2.0777775851984446,0
94.81198210933533,22.276370354734837,18.191907822218887,0.8202323983059842,1.495458245242957,0
239.94228349615787,8.412492822867883,7.544035649152773,-0.3879649689074522,-0.5552861026010363,0
22.899388359757246,19.291317371603405,5.794559674764292,1.8921917608330678,-1.0804073292785017,0
307.80176938600437,14.360579623146212,18.91849288064173,0.7979945496122363,-0.22347250523693915,0
190.26404389927956,1.9243203379656828,15.125075828448686,0.0828325705180999,1.871074482308114,0
399.66120606087907,21.365160063268185,15.20011089924197,-0.40980124379353305,1.3746112675765545,0
87.68180331557724,12.115094359308674,13.67740249818064,-2.7391402061374728,0.4610780322964351,0
475.6774633139531,6.499351872887342,13.338548949173614,-0.4338734629791891,-0.8022718339345204,0
121.14783051844951,3.1122954773816485,14.791623544434852,-1.1471595110117114,1.9853803952602933,0
196.43399641876601,10.829744260343714,10.997371255524104,1.1058330662947127,-1.0078679132221302,0
436.53286546313984,2.005304100256554,1.124485897019445,-1.1148221873524142,0.1652400500649252,0
36.37061038402003,0.0032326321076476816,9.924784438016278,2.381713531732546,0.6332253101150935,0
366.1550582773417,17.470543367370365,18.328410890641326,1.0215153927818639,-0.22800572680971787,0
381.7551608363632,19.83722578059514,4.234287442959417,-0.1265188969539503,-2.9431415654717332,0
4304.386407653465,1.2901354161371075,364.24099577325205,0.5453954711902727,-1.697392017805934,1
236.9870177870925,1.5946522645385972,9.034789519628877,1.0600897399086655,-0.2926854589752769,0
400.36352486901444,3.9069837409495047,10.929527220507529,1.3920387515870913,-0.24657105425957435,0
300.96048951148714,23.96034027343079,13.235554649432771,-0.07938842440570287,-1.5065252580391153,0
242.19502942671684,2.278030483720073,0.21026449083306975,-0.63093083373779,-1.1251861017311617,0
167.11118932806775,14.726498741699002,7.986651603984452,-0.4074601072916016,-1.5223343182817441,0
201.9385215276421,14.483834305041087,7.156224986711861,-1.853018482897569,2.059845001737402,0
286.31275865105846,12.124962565839319,4.810631703602974,0.5179947763914519,0.19265153264802468,0
405.0195878843864,3.341888906822284,19.567095741137134,-0.5123742406766936,-0.30601395435740886,0
57.76613530121704,4.969819421060525,11.110991397712397,0.08277290378542575,-0.31267716965327597,0
492.06893574011497,22.835777044242892,14.52169702967701,0.13585942408165688,-1.606256788401958,0
225.7728576141881,0.9017061695737771,12.698133183063256,1.5994709401137894,1.3655264625262657,0
324.3605312526777,21.1099645188367,5.429840050854226,0.8227827808340025,0.15875605093754283,0
273.64859945706013,20.051525417812666,6.067710872582664,0.6590543439134197,-0.35895838517941375,0
80.1918332885857,9.007917790070444,0.8813172314076279,-0.7135846699071758,-0.05795054176271757,0
450.51144608201554,15.567334962451573,9.966660565884744,0.5980991550474662,-0.38045590416635117,0
218.81278422784732,9.396616756267903,16.413923215335586,0.3483417392461269,0.491445510894402,0
249.73805082777784,7.42494522870677,16.198488406057987,1.41418728833109,0.5571376184034819,0
364.94868953432245,16.714315368866572,15.326944262093047,-2.123947582700665,0.599450686321704,0
22.791425529387332,22.519315642763583,1.1988660172261656,-0.30561061415380336,0.14330630500000371,0
250.89959513528885,22.11138029311141,0.18174069902432644,0.13395838058023532,1.889278795503996,0
178.70293121327896,15.273632884401769,9.323631822551139,-1.2905614219462187,-0.17284567481411092,0
383.6172144633535,0.968419844632793,17.87867021339981,-0.8370901336150396,0.7831598877770107,0
45.406841105141844,17.249750828484725,15.15553120750316,-1.2498203395893641,-0.29951503754747755,0
146.1221085034543,22.301473287164495,17.592029934235242,-1.128062554807694,-2.0807405253909783,0
89.4094412252093,13.475630111028568,16.168114777873818,0.9452115346114836,-2.61813319869228,0
140.65733424016696,9.41899646950752,14.374362265244047,-0.601944441935177,-0.5996399948212037,0
37.91565234655486,10.41161806983671,17.81316910923685,-0.22485305579485193,-0.47783985070379115,0
183.68207898531327,3.638281795202385,5.961324023400083,0.4308624190150374,0.044062567406599355,0
357.52871456703025,15.703021255799085,12.830089625125034,0.08127842205619876,0.7674793445541306,0
460.8167318955993,8.921743077751927,2.180272312818574,0.1884757610181029,-0.40697436637337114,0
279.4052559931433,7.230366258240009,13.59266364790287,0.08450514569286258,-0.807591340098296,0
353.51948520911566,23.852361333592757,1.1917419470628743,-0.30518884548075176,1.1166812750675223,0
115.78971933719842,7.362638388531389,10.691184383126174,1.0386060692088166,0.2172079375284009,0
268.631769113035,15.109384725401679,11.985985740127774,-0.3307748960230527,-0.22001802765967404,0
305.5115478639465,11.72389518383773,16.199574873669448,-1.33656850031492,0.08551332963959903,0
355.54518387941437,6.07443694031061,15.394932457141744,-0.16825913448754154,0.1697477679706617,0
239.36852653638002,0.8320864014355998,2.691525342082155,0.07569494000509344,-0.3930902007014615,0
129.9562874502903,23.947700536367478,15.950280905929716,0.09782717470792267,0.3225046602899047,0
253.82611649828644,16.98804233351445,12.048988839331756,-0.034550623953963515,-0.8178918421385055,0
408.33843130452357,14.653122120370188,19.325485954963717,-0.23066166663970813,-0.8776173568629051,0
197.14411347222836,18.573111737523753,10.289226554797883,-0.47579544400490115,0.8197397172580948,0
36.4613833915817,11.591252930048526,4.408920084908379,0.784002779310748,-0.33257937984987496,0
275.62158827492345,7.876626086623477,14.295065528878917,0.41055008532761655,-2.252793394731339,0
115.67994006712905,8.236016476143798,16.27446687444455,-0.294455757588034,-0.526555133136702,0
124.8173593981927,16.0565360958986,17.36819047893868,2.154928677383142,-1.4028661572078547,0
68.10688785433129,17.116965198782825,4.781327681500594,-1.1997252650902135,-0.16841971202888115,0
96.83513027304497,1.6430092640058733,18.452075141879156,0.09893378702888371,-1.828405880841963,0
380.3402819848662,2.2230115932328127,7.872710405548842,-0.02549412858519966,-0.12887737868875357,0
23.15235633210377,13.417422838718451,12.855548269598557,-0.15196738231603887,-0.7959703738504983,0
15.95115800685364,21.949167932365413,17.090947864043606,0.058370290817895645,0.4853599075531901,0
379.3008478031468,6.680843559903758,12.146488335861319,0.3019609001717647,-0.4149162781203273,0
350.59004843977385,8.174499997951,1.612308103392035,-0.42375968202270325,0.9468075665118705,0
79.27408902352221,13.22783908599293,18.613445111247966,-0.6003856928711058,-1.7681310327067183,0
73.07286735226666,18.52829943143977,8.522424759044615,0.2513166482381024,-1.7930763979123896,0
17.07838687048632,12.213373334185341,2.8239812707436984,0.4689780781484677,-0.483933444951233,0
401.7608703820799,4.906760939142553,14.207030014246644,-2.205294372755906,-0.3860025756494393,0
302.25584591465844,15.759145768989026,6.824888995154412,-0.44184892724082386,-0.9154770290902925,0
265.569317163376,3.9668277634309783,9.112990988797549,-0.8147560028235481,-0.7140651179821788,0
366.6720025684268,5.059034437200687,6.414671646231424,-0.34409802826233293,0.9778475646543314,0
32.90587084220893,7.535201217056468,1.7226427812736067,1.2880757248523775,-0.06727746491353453,0
319.37135717948365,1.5273818228794163,2.0686822972096675,-2.1782113197314303,-0.9546181019500601,0
69.78246205558317,19.284903827102482,7.2680786399885395,-0.8341848487326238,-0.6378086928599359,0
2883.9871186555933,2.636689339757522,375.0950403600859,3.9198983169917154,0.616466672114667,1
437.9773279786787,19.860151676957308,19.62515154782554,-0.9727645167600009,-0.4580251830145565,0
2964.829592611116,5.807159544488496,233.819324997023,0.7541514082737404,-1.0335342498376994,1
51.4808543157621,13.891362108286572,8.414731251372336,0.7714017949037666,-0.44787764493195836,0
142.90221782081952,18.348667071713223,10.371233773314678,0.5016850451687882,-1.7776809623702012,0
352.7201604193315,6.940498711102796,2.1232070709493445,-0.684491730612797,-0.8055266825105205,0
188.22855662644497,7.544402716409961,12.387799387330038,0.4147728907887909,-0.6694369136334904,0
103.77351320992685,5.2692941575152465,12.064261241990087,-1.9046746934654637,2.710331644334893,0
59.68468600004036,13.489747065661707,2.970135632873616,0.6916185751213884,-0.36723700079928584,0
335.45872585397444,18.672605835471675,4.5496320738708,-0.6385858251450302,-0.3542063885087883,0
17.54861799065147,0.432157334410908,1.3878817180836678,0.6594512411136115,1.434309669352076,0
351.9797200722644,9.212133193079508,6.315463024989921,0.5433908278718096,-1.176644943900053,0
180.91536149944102,4.1405730467126896,19.681789279330285,0.8800659629573423,-0.18722732150688023,0
331.0603488729337,2.5282916275519964,6.865509781288965,0.16058943317175978,0.3726481864800551,0
398.61716641050833,7.013237531085546,17.807686417105323,1.4273053642892164,1.4622546040347288,0
75.78088261615375,6.1825732880093245,14.034765477545143,1.0965471182302537,0.44231686816448523,0
181.2678793194339,19.06837306777797,8.054789694936614,0.2730107174943857,1.5360611817095284,0
54.88511068182619,2.501395267400344,3.5379390164796787,3.0768603701805035,-0.03204749416371351,0
199.1608023243675,9.483305838343647,1.602114532192045,0.03139586553277644,-0.5784597288763313,0
300.43721021386017,4.46726154608035,4.671347221372219,1.0989833574419647,0.3970466698823999,0
61.16939301409159,1.5649101902518092,16.11297610726684,-0.5764195763348439,0.2450386643154059,0
313.368458863924,10.062519867984527,6.52340508256507,-0.3348029874445019,-1.0259648174807778,0
108.6279150516716,3.2264431057949245,19.134408677786997,-0.43615544150748503,-1.6254922701998327,0
32.107011216905505,20.329459847613588,6.049326349229394,-0.19370537980496205,-1.1145323150080617,0
176.21211319171357,9.576847623418434,6.8328222538120365,0.33164766712576277,-0.7554988831339492,0
91.80878291860755,4.5982306976358185,13.511735471348775,1.704592093297377,-0.5028687536709558,0
256.0812303007542,1.5951198186305309,9.486173297368605,0.1612995426626951,0.8533489773401466,0
189.2226767995691,21.704634599852575,11.455405533738915,-0.9258899038911499,0.21282439866996872,0
447.80335231257527,15.22472853292049,4.084842127368578,0.9259751007146168,-0.4554670562497405,0
13.847597693039836,17.626654369814194,4.74966610338768,-0.37453415075025087,1.2744402278489033,0
386.1468087838124,11.048598508846231,0.2736482952136221,0.4861847915619389,0.9970593564536414,0
360.9277230662015,12.400761245430427,17.150612155038473,0.2935375299686405,1.7279638353817652,0
326.3590995474515,10.128822243063336,17.665472028524476,-1.029811848541845,1.846395920599248,0
30.725785407478842,4.652713630485424,11.418141075042897,-0.41051848272973,-0.6570352370173239,0
391.0234705998161,22.721609494161495,2.468997316207102,0.17962227263192343,-2.1529135157575157,0
16.519608189233804,12.150385427884867,16.249476420883433,0.43221669075925395,0.3240364427065333,0
349.84215781906164,18.5757930756663,8.106507212939068,0.6963228620803235,1.7754908492400483,0
442.4740130568957,6.0112295710199755,2.464949162651029,-0.2138751675546389,0.7534174734210928,0
128.3996534286931,18.225558298031128,9.680411450188082,-0.253676077542381,-0.2580455156111615,0
409.9173091316341,17.539703159537517,12.070576130022419,-0.6671890847775054,-0.33931118713815905,0
1277.5534334710844,1.4539543814779285,243.38542148405003,2.0758931769955145,-4.223595180493653,1
292.39123338763153,23.106440406076945,15.036502919133623,-0.34718649511226246,-0.9331060771871093,0
322.99754271212623,13.722536449159733,0.2579493957905088,2.343654052812625,-2.3849055089505824,0
497.09898380447794,2.0424836668748485,7.069463841214412,0.8223504708957536,-0.7329260381085351,0
89.58935575808258,12.074014818716073,11.069435524196997,-0.20063929882543183,-0.779375325260117,0
66.70802719561709,8.354294236038914,9.72347308209766,-0.8050951810305088,-1.290942219493224,0
176.31936463620383,11.596340719528044,16.23254028889707,0.9641558841719786,-0.6973642279161708,0
84.59998545166184,23.60451534516533,1.133608643316708,-0.038742894989543024,0.20335945999876773,0
117.49846549525998,21.31483653441686,0.7872375963945899,-0.9983067752910549,-1.1941866514118442,0
481.41141099634507,20.41478538818731,15.145659565510014,0.8139808601977412,0.28004534269740444,0
909.7978193698144,4.364383763075709,393.64116463544894,4.040559168804278,-1.215014325907117,1
20.172988591874002,13.365082636130301,18.651334174119217,-0.5912780093697056,0.6151639842785803,0
40.68174631934332,16.028829760819523,13.650234602324003,-1.1340201859349581,2.0773434395699533,0
112.28620104493395,20.11571939972742,9.683460643268148,1.7073298095592229,0.07991526374003749,0
174.22672218914963,21.191851795914552,4.8470739027352465,-0.34182182024613555,0.6672451474292419,0
262.28810453522874,13.00226314242152,18.588069676983075,-1.5202867922406096,-0.4502018916658434,0
484.0907172482901,7.485106458329406,16.776786735305407,0.7163400805404107,0.23987275228472507,0
299.84117660088293,0.0916781438059946,9.432989815011908,-1.0785127413645972,0.16336035491580048,0
341.7127507081349,5.626214400276353,19.451364712994735,0.43623570480105506,0.09112486725337687,0
415.95883296066086,13.668954709610489,6.881832356988841,0.10285857793233408,-0.625916017684602,0
37.52577651703442,1.492877427952866,14.407679971728914,-0.27484530066979224,2.4523699128687237,0
15.189324676422212,7.334501171765157,13.840225118933095,-1.1869933883057446,0.4394860480085117,0
186.92953903430805,11.750987089205875,9.488698282943481,-2.712612563810438,0.04189592115427648,0
476.1468337845033,12.432193593710995,17.68686855942575,0.166655817359844,-0.2209317249396126,0
190.9135615567723,0.7965445094982293,12.506603399089078,-1.690671627606452,0.7151743901280584,0
492.4963934863556,18.555404974048116,6.784813223476727,-0.2724100166036872,2.3674143640271215,0
233.99836358596158,10.294664002323461,2.5223064475082113,-1.1965579286166865,-0.14055348550243169,0
23.487353430861138,21.77268073693992,6.8263729190010425,-0.39987823866837147,-0.7029114380395675,0
73.93967596837669,18.42162308443004,9.170371243740307,-0.8176823966051338,-0.3854932409123582,0
233.95468448590822,5.056919132812876,4.73847987793447,-0.2737292521667607,0.31047275418075143,0
415.7221928350648,22.822286268061163,19.886606053714296,-0.5410068657828994,-0.9096804393124754,0
229.37797320027366,0.18819817852600362,12.086259644806397,0.11410149222651991,0.01188043451779194,0
257.81991477589503,15.700190435377788,2.4077515757817802,0.4253213083301104,-0.8024300398648369,0
272.29276295934847,20.786295206680595,8.934529374052811,0.020106466869098387,-1.3992282592246312,0
143.5672789882417,5.805451878212136,18.00528222404141,-0.014098965906671578,-2.4928104993953535,0
471.6522281968872,4.302134685786961,6.322026230939411,-0.55317724534727,-0.2643558332034669,0
480.7298071473803,3.379270773424226,2.6337380687241407,-0.5613379964422059,-0.6431833420270304,0
197.7013289507784,13.958935031740644,4.972097692266127,-0.7480960646216471,-0.5552804969053294,0
492.4115210646316,11.82767002878779,12.365700420274397,1.3902553275119895,-2.215822425020668,0
282.02196399756787,22.99041890536249,14.187776436487724,-1.4974466686057486,-0.6566240707997048,0
246.27844313350926,5.4882427104866105,1.0946541384997177,-1.1904077356744902,-0.11766730219285336,0
307.2569210086081,18.608307609675254,12.202158440724693,-0.4286545269165333,-1.716033248310689,0
122.43829831091604,3.650502797334549,5.196562758805989,-0.037893081716830875,-0.0017141536690639572,0
24.021042736350875,18.018471581065338,0.7989594657218868,0.11345604005655238,-3.2415138253291205,0
399.7917548154081,0.5259198906002149,18.45290279207144,0.5166444459359673,0.14204447883054525,0
122.63058427623784,15.6233632116229,1.0124494453814825,0.24608361531640882,0.6852900847109679,0
242.5384320504349,6.577718144212584,18.35294555808867,-0.029216405853985244,-0.6167753615197077,0
126.96900645335788,19.461085944190042,9.859139433117202,-0.7114621940837048,0.43915013370041756,0
333.45099914827176,5.40915043216238,6.2583909605764525,0.4278143951529032,-0.44360683020738595,0
58.050145613189144,17.70886844547672,1.454698955573368,-1.5822231667464777,1.6053559623618066,0
191.34936660463455,9.220961111659205,14.441321284075705,-2.1047495057190146,-1.0884112356728457,0
321.36436921867266,3.36778843664436,3.0348582590610484,1.180989905305672,0.19112423383639218,0
133.60753832879195,10.319645138905432,0.9861797421964935,0.642301235011176,1.664641821966275,0
90.29833624480676,20.773851494989252,1.5437506045293592,-1.121751102855888,-0.52738906163962,0
177.85873943326715,19.028506056812144,8.8421406935944,-0.19819567637971988,1.3281660539573328,0
320.4147310200988,5.6863997977595675,14.029982029303321,1.0189232400898984,0.13998209632135372,0
473.3271537561482,16.310887985642587,13.94048332008599,1.5889403284440828,-0.8342713430679655,0
163.06025060725537,12.177886529227413,2.1096685492207135,-0.5182526388612024,0.44166256418606065,0
263.75275054408706,22.95875090600299,2.9287251320563223,-0.2775442563155516,0.9972655676588726,0
96.64079977511673,3.0688032293380214,2.476920534116349,0.7031425422200039,-0.6301428301423468,0
202.41727654396573,19.359961272643595,10.710849461955965,0.8371544863313845,-0.071120290830336,0
337.7070959659099,11.095093464014573,18.529275959123698,-0.3152966552861244,-0.10813899039141675,0
377.42539207165163,9.8645058063731,5.046238541393741,1.292745289518207,-0.5436068960930526,0
179.85944720852177,7.621192806182123,2.505024621924159,0.9588163064676725,-0.5403763389870544,0
279.1578707786538,18.93564383809904,6.761688187325228,0.1158245872269461,-0.7334820666782794,0
129.859304985814,4.574635993786795,2.5971402683576206,-0.2352739099724389,1.4273286515947694,0
97.35067690539636,19.28358583912523,18.98546212491234,-0.7661208306106709,1.605619832565118,0
65.44440743496327,0.1275234160403027,14.847398741795637,-1.8734413039546167,-0.8963675478251808,0
110.6881263237826,21.657912798866484,5.722700849166287,-0.1878594010087195,1.0578010075419184,0
354.70548461101606,9.42553783851399,0.7984506512750245,-0.6493648196138809,0.8507193944606469,0
377.9222017031761,8.68607978010876,2.4089467999313086,-1.3346106069102326,0.4762403533876659,0
282.6642959100162,8.334648936732181,19.15891719852275,-0.27131497806829746,-0.6684549108531777,0
468.6813444246836,23.639751747381002,1.0114620764845772,0.8614365256328049,0.25373729677483314,0
495.3000452903333,14.658721705818438,15.069442213191934,-0.8220760118279274,-0.0885442145830127,0
248.5975650743714,2.995699535204359,2.906533848410082,0.3344385148485215,1.5602555295309308,0
382.3311417144248,4.50533773661405,6.654589530207582,0.6230873478890951,0.3270723748778453,0
322.2090257716521,19.817062837456007,10.082656838368766,-0.3994654904728529,-0.038323835697372494,0
178.56033094854448,8.490939809674465,1.2389303715797584,1.9422455947562995,0.5430322792896524,0
49.116593897428224,20.751814124595363,1.4533117516231342,0.5907443355103258,0.9531762543293538,0
485.673831356857,4.358735226158464,7.866413407703774,-0.6145387836910949,1.029180436127967,0
402.4124570560157,21.565454512196144,17.14461874739582,0.22328091325537056,1.1067104242873174,0
323.7326055028597,8.940214357283182,0.9753263762628084,-0.49156193901893,0.9210258397309934,0
365.4534343207837,1.6561822227075913,8.347895646582959,-2.3843067887857456,-0.24897365528067522,0
40.738212444692046,14.791211662217378,13.662285714460932,-1.2276799644560572,0.21000830802258905,0
55.38232394709985,9.66895878318329,13.509120906728512,0.7946003829452114,0.23622364626423303,0
251.1380104167308,12.561381872984795,1.6825532451876568,-0.22565638071225164,-1.750975574405228,0
325.4999835065285,7.506671741048497,5.573886318570516,2.178562173991662,-0.27464374936629743,0
434.61955578741095,16.107779361112527,11.956160268030281,0.40327456303717174,-1.1497074728974057,0
203.37771513328636,3.222596421654613,16.591254313660997,-0.19024084441321568,-0.14713950481410695,0
395.86098068330415,17.136783467204555,12.272758059787677,0.30524312653135294,1.8338965460243755,0
268.64554689523646,17.771427166884457,6.998757071414281,0.4795075480016086,-1.5714199983383004,0
422.8643722397526,8.94079857022922,16.03680336905612,-0.1761335035509783,0.427962626552635,0
461.6371936827614,18.55011556502676,5.383231419832583,0.2787998123854607,-1.4791960183577666,0
369.51899745749205,7.707891663262884,14.353523155869992,1.06014381867127,0.1918895450216474,0
460.8318382632475,22.23318256152208,9.792881520640652,0.5193587456378881,0.40482340880826806,0
67.89495376268297,2.6637472611235458,6.639430094716909,-0.15011695125380659,0.5206894964226687,0
400.92835169392106,5.329820896639694,8.373902866553685,-0.09107586035302723,0.24495709317200393,0
302.01017131905536,18.346577473812104,18.410717702051095,0.2050753392346299,-0.004072837121435025,0
3121.4922666889734,5.02895520840652,217.61102251044875,3.121915751386603,-5.304370029808577,1
444.17030757528164,10.48441686276431,12.596413088694154,-0.45965677227299695,0.40226807720129804,0
250.11257050507874,8.02171964870546,0.6531812156899175,1.945195074276933,-0.12826348048383082,0
370.06663793220844,16.28399923902331,6.31336962328132,-1.4409816345249187,1.2368324661272665,0
4362.311009988977,3.2329162034980143,387.73579131353705,1.5195858952476646,-1.3314831393771143,1
114.94336618301148,13.567926109718638,3.623665581001656,-0.5393050144632704,0.4600423238604662,0
273.2409689522873,18.373122012380662,1.4107127518591311,0.5332073178993125,0.5740419308840301,0
441.03102580346956,1.8475072095591907,12.69488282208059,-0.044361455511561634,-0.015471640726739578,0
119.18155680029055,3.1611606858982455,7.7361448410376,1.1249325453032408,-1.059211708372902,0
459.86863415157944,6.519196350584871,2.5222028335725,-2.077119853773874,0.11494177175913174,0
372.6397279939906,16.851506308363906,8.128330731480373,0.7209969529056358,0.38571084053145244,0
192.99396118871877,5.976209666618158,8.567036011376924,0.46795042213185173,-1.3401248956547858,0
49.69343617693211,1.246957861302442,0.22605073178044943,0.718417423471641,-0.02185674744212368,0
289.36419102405637,9.055633295116628,16.20322179919405,2.9356579023277782,1.342180131244854,0
20.097623719829468,6.246884581584072,14.683025180832924,-0.2656045602861052,0.47314545326778695,0
140.44519980942462,14.146895747632733,3.636353056746775,-0.7734558440334302,-0.3754074464839619,0
216.9588093881793,0.7618503689517269,11.423983679258274,0.26425476360733907,0.32475823953354177,0
309.91279787878864,12.775005022834907,8.959433127643798,0.11683017417218379,1.9740786877450238,0
421.8064807163285,19.416567367000233,4.35175879863289,-0.04592882874016064,-0.18324524320928193,0
109.27778355780495,12.1873215350107,0.8066770427690395,1.228030209608135,0.7132662507965424,0
361.4180855903068,2.6762930957106335,19.531220466458088,-0.7758748231664838,-0.4146305088140306,0
317.97082252016753,1.8145209748020186,16.238924692757667,0.7708022199879712,-0.9969316264021268,0
190.43324424010325,14.375484196253053,14.578784002103145,-0.561842099351699,-0.5061890610853361,0
4678.349337690934,4.227516192800102,267.1031616715029,1.9505987869464543,1.0558159595775365,1
392.9082413068658,23.13669233197233,7.734141140879558,-0.21966945235096014,-0.05154220860765155,0
474.48438694626753,0.2904748026265782,19.91468904102646,-1.9759632998916197,1.2434282781029249,0
299.5635756966261,11.940956451506452,0.01195877669590617,-0.1833007095261973,0.46425123812300356,0
906.4335213458287,4.530563803788879,268.88409454598894,6.222445295680439,0.4718164086755099,1
436.02295791694326,4.582238041719444,17.15715567034978,0.33795555414502526,-1.1554517938176596,0
495.6717168825832,14.56432693296334,11.384129262588553,0.0935234964386097,-0.024286495670025846,0
367.1368132688893,0.04781124525768643,9.640346795538651,0.17615045188769213,1.17841931756372,0
471.8225396836303,0.16507109327158354,11.926929949935518,0.03175945658145075,-0.7051105201659605,0
261.80135776296623,2.738298837310401,8.34386837129153,0.5232231857370332,-0.9509533830944716,0
32.87012146250949,12.815219341146332,7.094571134604253,-0.05152292852464606,-0.6181604486836274,0
162.89293699541184,14.415625597160542,19.911378009813756,-1.014479726707414,0.8220660780325274,0
434.7948901771484,12.981720092113939,11.634430549469535,-1.4935097782531435,-0.6312411362407006,0
62.45595705092354,20.454332985388355,12.674231995310581,0.6197387847028687,-0.6804940477640476,0
19.47740510210678,22.834157300293583,14.987388732899138,-0.6715122069805457,-0.21359324220504247,0
229.91678060718064,12.236496229210985,6.8192394728597705,1.4164117917002925,-0.14170872170182425,0
339.874125959737,9.187170346473309,10.994345103266221,0.6025802679783409,-0.8859707338977769,0
297.68134069373997,15.51500979931033,16.176526469833682,-1.5100412119852522,-0.5913947298380474,0
298.5052677466431,14.911018777190643,3.3245872410331745,-0.5109891701957271,-1.1772264174512104,0
331.0977665218051,1.311226080023335,10.892617422142717,0.8417807747840127,1.6656032136865273,0
378.74575472940774,4.431178976336861,13.523914927130784,2.1458249250764885,1.121689142387919,0
1073.1741621501242,1.1291998900791738,407.3732189769243,1.3972188688763416,-2.15571872660445,1
146.52386067338426,21.49350835516413,14.833682579836463,2.779963624223556,-0.4093405752186243,0
297.1959965448298,5.936167579658,8.379395475590488,-0.526531687096043,-0.45025338777827145,0
3125.238045474866,3.4148494227256094,343.10124761009246,4.822000170199354,-0.20958236724111812,1
277.674398451524,8.974105128307526,5.141253843784175,-0.09752538374562343,-0.7907709190853537,0
212.70203090175602,7.1337073850068125,5.916481949930721,0.9235086160473687,-1.0448363139030712,0
21.100458848169698,15.995113140644058,10.573132079785513,0.20228040762121913,2.044481557199944,0
82.4363361221876,20.94609214958707,2.8656291740528217,0.6276062975618311,1.7445838700752485,0
383.58085144698276,4.714061180928417,18.301969089800597,1.2785751679393744,-0.5209685512310958,0
142.02975963135054,9.404624956512624,9.483158917581594,-0.3009803123932219,-1.4072934434924025,0
265.8855246362676,10.99976627010181,13.832868039466364,-0.18403239919900272,0.2811920179102754,0
97.32666264792785,6.206900037312931,0.805160060184642,1.665351917623531,-0.1934276285812056,0
417.05910719620874,23.912024103053938,4.530432520722114,-0.589112132781127,-1.8037504840924963,0
2459.2522825760607,5.6201275600028975,241.89971257143642,1.9193173939874117,-0.3185952313906313,1
13.210975319288796,12.465260628094496,10.883973250074044,-1.6313351104170732,-1.320892282506161,0
251.72888846988334,1.584236259365798,14.617406915523208,0.3255778167870701,-1.1530843317397823,0
492.1213172536511,8.288206853877309,16.165364224325565,-0.026260793269852138,-0.03204237068048687,0
309.428577216089,15.627542037160179,5.881349243535556,-1.2699985973938759,0.8331577666294346,0
359.33335751763383,11.382120503446886,4.1819472917922855,-0.657134962278058,2.598822900074582,0
26.489203763135485,14.235797256947237,8.998873485377192,-1.3450144839306688,0.9758233372885634,0
18.13344091754076,21.789571050710865,1.4672813491920533,-0.39732325255136186,-0.5149387064332724,0
44.715704102512895,7.715896829949167,4.166307800170359,-0.41462690057186313,-1.372079187269614,0
287.18027919423565,10.808423493729904,17.79826752725725,-0.6654222981294605,-0.11131884879780068,0
78.58805023779091,14.93792739758392,14.100818127071854,-0.32948930021798606,0.6989530717174212,0
95.0544245951592,5.80543905870934,16.777077238081375,-0.303626072898001,0.07843924608367009,0
10.993695241269288,6.371913778297736,14.306446210582713,-0.5857927234486902,0.07964958261392499,0
184.99665317775052,5.407606318829642,3.4187280484169658,-2.0173387981224113,-0.5166141987601078,0
201.60584716113513,6.229002796226168,10.410876746097168,0.14934191105988046,-0.9782549380604774,0
172.4424154672767,18.028251286897024,16.806963551770163,-0.44480683817049027,-0.9870461789363153,0
387.29760390914146,8.218751492033121,12.629175851660413,-0.18667896231344497,0.7025333139338557,0
128.87023459147468,2.7019293698864884,14.29437667004072,-0.2795074632965335,0.8598335614674577,0
146.0120864711518,13.521488417103363,1.6514431607055435,1.0715159355810386,-0.906215332047211,0
388.453497934685,21.236522824704103,11.953646710469181,0.9784578056665502,-0.4466430468146064,0
57.955416219344414,2.541739305690183,4.1196007175392335,1.3451476204524146,-0.030786502413415195,0
378.7929415584414,11.733547963018832,11.432152989658878,-0.13851224460722475,2.666905222320009,0
486.03213094687555,6.023199872167152,8.362895763255993,-2.832325924984141,-1.0232532233755844,0
69.70163648639874,2.2506366301683958,3.26708899486313,-0.2217814037161355,-1.5302791359297876,0
499.86024827663465,19.840976633795698,2.643593155077435,1.2543383607573395,0.8531653064131918,0
136.2751720024541,23.618647656875947,13.46184261822434,-0.0809173376626882,-0.6545335709983099,0
371.8547213985792,21.838635452505407,11.938904468263452,-0.9287920814524587,-0.04460653218300141,0
293.7789384092296,2.9848415760122453,7.871106722126311,-1.216896710340167,-2.0653027750406103,0
349.0424382849838,20.282900435904835,15.355292354286753,-1.1966655922843958,0.3389758936682615,0
425.35184752483303,5.427007949992126,19.10896382876135,-2.5317693162508137,0.6994642468957021,0
50.18690500913611,8.28535542724061,1.1405382800723873,-0.8235349706258495,-1.3048168904329494,0
370.2589737644054,11.25043117114814,13.527221357454483,0.2412402484067293,1.1971680272478535,0
165.71458381057968,10.516286717960268,0.4928880927264534,0.13965368956535082,2.9928105700606413,0
47.24699517191516,9.129613175289832,0.5570448164214881,0.7391804947015679,-0.8238368696411541,0
158.629169667169,7.225105868023513,10.04743639944191,-0.9813259365174648,-0.6729053320094016,0
3156.345822900198,0.5951671806772716,318.8071854400339,2.68593658003213,-1.779384758831039,1
393.6621008895417,2.231775355755172,1.6937668375061365,1.144293068559939,0.5096892312246561,0
421.78928368058047,10.318982874715722,19.254651677222782,-1.9819644857387133,-0.3231676657024847,0
177.68979193878266,7.590483593503363,11.010633611924511,0.36039339501808015,1.061256258512118,0
247.26535700335452,7.294620294120656,17.19290690705213,-0.1417575540275386,1.1799885296897865,0
318.3852213502676,12.559911148673791,1.0258769796243117,0.5268979236657937,-0.622270222893996,0
46.99466847217,18.028273147402036,13.51325804414146,0.5872624134641767,-0.6362237126519298,0
312.9329166127974,17.33143765094174,7.955868818581964,-1.5553737338412423,1.1640601525859375,0
72.7583868840596,18.901178060610704,3.7975065819183995,-1.349773069381231,-0.8221656066894069,0
72.72522230488589,6.779338232880089,15.663228618473944,-0.6516751221564157,0.14237791251046628,0
407.8285347549396,7.469219881521446,11.732478365673254,-0.3300901917014373,-0.4661886119462229,0
233.08549017619924,2.622341047430914,13.686284978506896,0.20165290512925463,0.7769316923548287,0
33.601377693201485,13.36283786227651,16.15914656218038,0.012223548415169466,-1.0141642181269683,0
373.03658686434585,14.967570678966386,14.972174171636647,-1.478546936998799,0.87278741446961,0
320.15149267276763,22.299473213080496,8.537894556466053,-1.0401987109554731,0.5574085568511856,0
47.24808569892871,13.879161586088657,13.55446482402641,-0.274802304752688,-0.11765493160216407,0
301.3359496775331,0.8474725185657377,19.671344130273262,0.41299891213779755,0.504270748038384,0
48.49391707669251,8.565263404106645,15.37494262725026,-0.10697146985848006,-0.4998724304108518,0
219.00572651608795,1.5006310978282977,19.062402287882755,-0.7670674554003005,-0.8031108339533145,0
434.95656845378284,13.40741751481021,1.2289258026157501,1.119244917564096,-0.8059917310594155,0
358.7249817365309,12.976763439477848,10.509406147117863,-0.18385389315920966,1.086380711205838,0
82.21728756642031,4.859533443965698,19.39447265595954,0.3794053976051097,1.3369690735559603,0
51.36901007490577,23.211038766220092,13.447676865834072,0.02620475277403566,0.36539424192514075,0
127.37938182957264,20.06682487697397,8.916510996540323,1.2710653260070335,0.8157544866520694,0
337.4287318184358,4.670972080916926,11.093740495767344,-0.02203486400427045,0.8981173241223475,0
446.5630448126711,21.166266199311455,14.759018947951843,1.592669998282884,-0.591018455733432,0
222.87548440110265,1.849398699223948,13.677329036706865,0.7662429750405095,0.5278393499155871,0
118.17818872421405,18.28564350251688,16.409751689605496,-0.17038576538819597,1.299987372262134,0
457.857873159122,17.045827166959477,9.35362424969754,0.00161903135694112,-0.8534954800613416,0
11.435952137814336,23.548268082295067,2.767431894411132,-1.8927621775900518,-0.7155129854852287,0
113.99068496515662,2.4329495412758195,8.897048656550817,0.2984518139814398,-0.44027463685080354,0
472.5840386396415,7.531843397385973,9.137761434745338,-1.6667634067891977,-0.650656621336195,0
70.20574286000814,3.9457326978930896,1.1242781091975695,-0.8208789224096867,-0.7507203344928128,0
93.12780360052696,4.699994019222481,17.17012909103109,-1.7019022300183355,-0.8538230875043771,0
228.83851900030047,19.307871418363735,4.5666250473722165,0.6458904202758925,-0.4486956826194842,0
183.26752169840196,12.132210249356735,8.222886729599741,-0.8707277716437414,-0.48915617518421617,0
1643.0951709300323,1.1580899124341917,108.81421418674086,2.7497778889524103,-2.4925628891252036,1
493.32504815252497,16.970075454400757,10.39223351606015,-2.0746400375463683,0.5975377058947282,0
215.9597446068066,15.304517925502452,3.3099954932731124,0.08701648039238655,0.23545579511111434,0
418.81015965354186,17.44010380968776,12.018240113181722,0.30734561670797006,-1.9632891478389742,0
215.5910371151263,19.295004181260488,13.899062386860955,-0.041292687007282836,1.677115870186871,0
173.9176746749474,7.8393419862218625,17.866089875762455,-0.5479958187411378,-1.1738733263060288,0
33.49158620823892,19.770969221311073,11.66260438199167,0.4473939370689756,0.7492825568794513,0
448.9102629034759,12.270611092818028,18.919417796911986,-0.11510969392323915,-0.6308455507908564,0
4530.430536808633,0.4272403052473952,53.966674982512686,5.628437863683048,-1.3862886158360093,1
188.38369088173408,7.18549412092035,11.987194500843312,-0.25762048551099404,-0.5567787728433663,0
310.3788245959924,16.95911687708903,9.50200681383441,2.497415126419854,-1.0857477107815494,0
314.8162313363195,17.146179937709814,0.8620021789664811,-0.19762046779596562,0.7882041407971867,0
199.5833737100464,3.98291748709884,3.126339414177217,-0.4884760801103597,1.455434483915325,0
439.3431270020383,9.708657253772873,7.441645099257919,-0.32601249581684916,-0.24734038702515676,0
361.0048802447706,14.586064394295661,10.294843875135598,-0.11961962436877134,0.24347507713677022,0
323.5709591222799,2.8212312036052793,12.615408403452413,0.6841632086089545,0.6675480803699957,0
74.75749136250751,4.4274300752073446,8.263450344154391,0.8524686434329506,-0.8497209214776963,0
230.75464218743278,19.06073595065002,4.18118747413692,1.1801281737415277,-0.5505870670007066,0
145.99604471684646,20.64335264038644,2.0049112744575326,0.6373246830230725,0.08244176663484246,0
425.57545838531865,9.252285713686135,11.989222793174331,2.185094895036112,1.4465632912513675,0
420.25455279073736,12.431052665101895,1.2486265455556067,1.233724278336193,-0.3777648875224771,0
488.7012211895521,7.78828320420821,5.81753708463165,0.851124098380238,0.8601826383951566,0
165.9657444032398,1.9344363301709917,18.686082283349805,1.193112945851028,2.498430483721495,0
302.29419501350554,7.355123233027688,16.002751655041518,0.14342656685749322,0.10527862390967795,0
378.8588581459199,3.7182074674426238,3.9818683987185133,-0.22011373125482853,0.7890752013999099,0
178.10309872419552,22.731875109605948,0.795942546713051,-1.9473424741408143,-0.3984452749893668,0
385.76545817987613,1.8945456707173332,4.863599605284518,-0.5289467627246989,-2.0474371857707503,0
16.701100092936514,23.062083526291794,11.529778062797318,-1.2783526288023244,-0.9878659101397719,0
137.17899373386356,17.70923963603055,15.878702669037025,0.7605061195841426,1.0581700938241017,0
231.83518079330074,21.420558958916306,10.977456030851995,-0.6870140996994973,0.29722722158508635,0
327.18429767836113,1.6083969060290393,5.469490307499596,-1.265258409085215,0.43102295801089313,0
469.0070929160739,7.1986096746485435,15.629241775094185,1.7873464144298254,-0.19543484652276386,0
431.71111223971013,19.36064447267374,13.824933275719786,1.1186323341542117,-0.3265358525345711,0
23.318779184168847,14.175308015871305,15.928811230469545,1.2920603343265227,0.03971382171963468,0
272.9416859740299,20.611602508035713,6.648533843487304,1.8188985322003248,0.9945582357416216,0
437.344502850422,3.428207155543965,6.019326392632434,-1.7982147394091075,0.1255485866511483,0
156.5955422893728,18.006378334532215,10.908559004234261,0.2912027551380325,-0.2730067480225845,0
80.66527389624436,7.086971857150639,7.920019327712304,0.9736222494278469,-0.9391555697706817,0
471.02508034437994,14.570149889250096,12.142705617671538,-0.07587145068502332,-2.1239928181256356,0
41.652102608374726,10.311763505734442,17.58660431356948,1.8205439079418155,-0.9104867035315213,0
259.5460470147377,11.543349357266969,9.642641978396838,0.7638603516334226,1.5008430302803784,0
157.4253210876395,21.797483728807748,13.834402282693777,1.2270345970488723,0.7034921482250248,0
237.00311409851028,21.601996392395538,19.01065641908818,-1.234511998422396,-1.321555786511051,0
406.8260451046181,5.919806779329756,3.6849730314534845,-0.11455942747251965,1.056101251669989,0
461.32774633644283,22.394719952245385,1.5360609662884306,-0.3004659487207037,-1.0042905634942532,0
138.27539931994357,18.08227013416726,19.850292403239425,-0.6923507742337942,-2.28577724449495,0
272.6143851970027,10.141162279486672,10.96290405456044,-1.395448504755072,-2.219777947451851,0
66.52712562534464,20.22508565185332,3.9258860462213407,-0.5139006266488432,-0.8404929855066914,0
311.0361119074965,19.30649298430812,6.30727486532235,0.6891644570743356,1.137381097628914,0
433.7571921585929,8.830578031250027,6.9503759062750925,0.26561699317253346,0.3064508629633407,0
305.32394795951365,0.40674395734994384,7.404643713691534,0.5535695310677933,-0.8438538774248993,0
15.528358370941634,22.39019670167213,2.1736507874938416,1.3280568889869675,-0.2544760766453415,0
428.45298908544856,21.415259955351654,14.57556108901295,-0.4684961133603157,0.8117055716132655,0
262.43367048301633,3.5388606409508148,11.243776221290503,-0.057390703001542406,-0.46126705049830724,0
246.6793628257802,0.8378772637493714,5.582609415485393,0.308292063638821,-0.022030072516940464,0
208.1395469026367,10.793756218812959,10.281908851025195,-0.34516470544979644,1.2685832356474693,0
314.800658278547,2.758391929429604,15.596417680201363,0.4793609534294223,-0.17951457487248015,0
475.23078605536153,23.28617063342537,16.479953037599564,0.015682236471624342,-0.3532641354381582,0
324.50878647404807,4.497886658341973,13.18845924163995,-1.3650217954266353,-0.39711533156785284,0
116.0133081829771,21.45575304018889,3.8687068591296514,0.3569727592669261,2.196646054978954,0
161.1264133952663,6.74519400400534,2.566998532293896,0.08452698378432454,1.1211881425699046,0
242.89035577669077,1.6200611204117266,15.243491743632893,-0.3397590076475238,-0.7360636534685142,0
307.6698465401507,11.138283826884093,6.243794731382588,-0.9182121665097915,0.9911911129266663,0
349.0965542535589,8.51819186104824,8.910356289863223,-0.3103909913775655,0.22063080430716323,0
299.26578591715565,6.648300583823491,5.216984919241778,1.221294945685148,-0.07285768884105508,0
439.5972886203094,12.91254492873367,6.256683950484401,0.13249714349564554,0.6746949778086199,0
421.8488669521758,11.004552213165375,9.62555902438474,-1.5993947621943112,-0.7171819007224715,0
290.56742289004774,13.434136407321182,1.6245926961334534,-1.0461210850625042,-0.39338229774465705,0
64.28225525052935,2.1265131352722975,8.193457385850383,0.9079623136270489,0.7979752545819053,0
269.13326062980485,23.943079137651758,7.784172372468776,-1.5856257067695927,-0.27837296760789404,0
279.9386942733006,6.921730507649897,12.879131588952271,0.5384349572164524,-0.009664421313347188,0
3673.009159875477,0.8351268165479222,333.8508798972194,3.8353120835522185,-1.5092441706833146,1
48.90775420974253,22.945131446686396,7.162794330582889,0.07811773523601635,-0.23372405785172545,0
251.6068796443038,5.336671313956087,17.04096831609386,1.3621324036850793,0.1664931271151245,0
493.92258291933564,9.224520924579238,5.997951859890724,-0.9799255747822445,-0.09534109119668262,0
355.98495712820363,16.246578791924097,6.31066361326271,1.177184963184339,-0.7617603706826457,0
197.3952583962936,2.8400685821612957,16.293420094199785,-1.0701915628943317,-0.3807634038618044,0
230.3339737954916,12.063149823123132,6.55767988036517,-1.404816943927507,0.6628410930216325,0
381.58859906536424,14.645403587463392,13.548761424565889,0.5457867135323555,0.957993941480019,0
126.74907555033153,5.577223753345148,2.6601959781465756,-0.5035696189077175,-0.38438737659292116,0
445.5526441996953,7.327456240721551,13.847086123088284,0.2790838583451852,-0.31526633391625575,0
270.80233933223974,8.471004082856558,3.9091600073679977,0.09315833769974234,-0.4647672239117277,0
289.85971804856007,10.430303060609083,11.314899012265784,-0.14152575336694828,0.15809487586680993,0
189.48081592109543,16.115499568012964,14.878103746043038,-0.8108939362002497,-1.485186162699932,0
147.08387592158184,16.22463091326114,8.542100907206864,1.3338857455005728,-0.5837221335626013,0
498.4527546637439,3.527105030117032,5.04629472270306,-2.2012434734509183,0.015027750287097009,0
467.54583326872955,14.969834036736218,5.580165806955932,0.3992281929393271,1.1711019716695594,0
148.42696919231517,0.8067264043987832,0.7853882848330462,0.06783851391693768,1.5512452664277294,0
22.022317952033106,18.83752745067522,9.511923836440166,-1.8210860692944963,-1.3833407769716104,0
216.41835536999687,6.243786983089228,0.5153919752870229,1.261519252535516,0.28305316225865373,0
305.182384531497,19.038272410518104,2.984989394829478,0.5773635251066616,-0.0596543119921916,0
470.0519760742736,14.35740705752973,12.255916710730208,0.8728243510056346,-1.0984092179625526,0
182.29054542625605,7.25599798443585,7.062057778767789,1.071080500402805,1.0831452126607344,0
41.90256862148656,8.028270929806371,13.16319648595147,1.4521176991825604,0.5306831230100478,0
414.6312583056028,5.715519687976712,2.1342363820470855,-0.2165231975361736,-0.6300484313483411,0
277.3621383673496,17.162403870808802,5.152639975270583,1.5328733556363119,0.8055747028061735,0
439.28297992358563,21.821284940677444,4.521581420211254,-0.6994952201676432,-1.543450943185747,0
352.99438465311306,3.6299238896384294,3.2045120195301258,-1.2203206899439758,0.6959321009408497,0
47.3267227729617,4.562583594809463,19.65479081820772,0.31149085879778987,1.1214992118499283,0
466.3985498293881,16.261014419014877,14.90429485381669,0.07957353494216583,0.45015563394664765,0
64.33335683017299,11.13437968052007,12.455068064796821,0.386382653848061,1.5404412397766734,0
432.2361958084188,4.466434028310656,10.048545743327528,0.2094700836477726,0.6932176016587042,0
2914.496019548597,3.3301111452317462,339.96456522165533,1.0083019897808536,-2.676828240415815,1
355.9778995526042,8.205726674531768,16.213671406751835,0.954085102156628,-1.972089026643818,0
305.0564440531856,13.000915497840097,0.9672542209756174,-1.6922708316433286,0.9647698943024456,0
62.60136695331067,18.649182855642145,16.89728170821017,-0.16195481694132746,0.03433338856883548,0
42.193201959225334,1.7077988441623875,5.82722145675489,0.03678283317423478,-0.795988910008754,0
418.4747353166728,18.870676785216794,15.74743916298546,-0.15774698323148525,0.7072313738042767,0
481.9918886591802,11.861098734007196,17.01149056030232,-0.8682609615983323,1.1062315588599687,0
493.0705265923211,16.288078960141554,5.017581997814005,-0.7397711639729673,0.09205513731199198,0
101.91010291335532,18.809718025805672,10.17918080844095,0.4790031433927589,-0.33787777547380676,0
284.59636096499514,16.98531240642066,3.7839158478070978,-1.8070413949318163,-0.5844009765960311,0
228.43657704318937,5.808529919541053,14.132082579884354,-1.0361435719751968,-3.688365291428444,0
216.63280408748207,1.6549923925541083,16.65859431148456,1.2912738390158789,1.1818900425588936,0
3243.0584025430885,2.8673439656744977,206.91626487934028,4.0897674335040906,-1.7802865825200227,1
409.21672253843064,18.264906966018792,12.308415596416708,1.2025765052252275,-0.6111771520193271,0
218.00141797523403,15.58373578984516,13.166148790121238,-1.0422715880472484,-0.33346069318177196,0
160.6062106327817,21.75010993250488,18.30121465034445,1.6350663945275195,0.4385792909210054,0
46.63286902692373,2.747703313581723,0.41868235653466535,-0.4597646158304763,0.3859700925688759,0
354.8943852045705,7.169413766130553,0.8383043343251506,-0.7493576894227776,-1.829681815208083,0
370.02971551713534,12.593655303874371,10.506365289014427,1.466782556898976,-0.4100294115389108,0
327.5750785610631,4.8067684288230215,3.3251066069940127,-0.5740825770872696,1.85204004481367,0
382.9848681090816,0.21692325790301226,8.705245593131076,-0.5703140677864661,0.35533819559013685,0
35.368065419780734,3.4320269439774336,18.554914661508146,0.1258865305766578,-1.9320651585199595,0
193.40853027090714,7.533011921339292,13.744686869213659,-0.8839988567464406,0.9475119085755672,0
235.2767780804405,5.504778648904137,3.8451583693618385,-0.11447237179886294,-2.3851136986930364,0
128.00212420816052,5.177776300234899,17.595048045886873,0.27242139665360987,0.5480669247071704,0
410.45564724872884,20.059822269852383,6.603119006312088,-0.38445687897709163,0.8331794312701818,0
376.55430206222485,11.568985394689982,13.86844256112618,0.22749587573205374,-1.0989162547281939,0
362.6137970544451,21.366193272427253,19.768419879269622,0.9578396311082676,-0.39361158203300994,0
292.1853227675295,20.5925585041735,9.539667852353075,-0.32115903870570245,0.08559470394452544,0
352.7296215736191,3.0303537975480657,19.583031102012313,-0.25276325509618536,-0.21495483807895113,0
38.57934425706009,0.36947740059140344,12.00502820199166,-0.4976725234290394,0.8179815444538614,0
97.35217914858774,21.596000296494537,6.9161219682085,-2.837506441397379,0.14432647172603683,0
38.468218978146375,23.361182859955708,19.33244441792215,2.3378277453883,0.10172320847176979,0
264.6331378372761,11.434487672250999,7.1087867472812345,-0.9951739598992374,1.179942130038464,0
427.23968045634325,19.87798205849324,4.030567560126257,0.09781329309330739,0.2006986942888783,0
435.1079673169655,21.78812433320482,13.943325085807007,-0.7165734884241052,0.36022603707742873,0
1105.3647153013303,0.066927523870983,140.76498318396142,3.7639429854630118,0.21718183914922662,1
386.62875407750766,18.033002064697097,14.62992928086278,-0.00811320161175029,-1.0260808441956244,0
474.69834094039993,14.483703998314915,7.692221519575364,-0.87847380134206,-1.3394697749577562,0
330.63342577850284,6.337487632649251,1.092206064269381,-1.3755108895687427,-0.642776382899948,0
465.64463124873856,16.013096092660344,17.166458777577162,-0.1539976651978317,0.9256767577138694,0
191.2484948378033,14.247858989004921,11.690862265189164,-0.3856726309778482,2.5299277492519523,0
416.15660685492594,8.64561405121027,10.427540429474824,0.29096473013744295,1.7531948020655854,0
53.70584660813167,23.12064769070491,9.186073764261476,0.028775564080998586,0.3431585541974166,0
449.52512173024354,15.704208131825272,19.1774374638082,0.19433346333823323,-0.4572185393191959,0
190.39735882944444,13.301436339168399,5.9271522702657675,-0.9587784561867748,0.33011379047094364,0
436.02120112989314,19.713320709616664,16.33310486403247,-0.9800623018406142,0.6024734362823633,0
484.7058019197016,19.120353532592937,9.677204377286229,-0.10358685340578061,0.12184446413245396,0
349.53020593662717,16.176478057411025,14.831322169336591,0.8986691603391742,-0.8003354061653037,0
201.80922699158316,16.148920046353915,5.178085495862792,-2.208280776228252,1.101737861786209,0
168.79452230206135,10.996485281709424,19.162360178388674,-0.0059547092127293835,-0.8860402469783771,0
21.43553885172645,19.885334349745953,11.536158392765117,-1.7472216669652556,-0.23389780045359396,0
60.45925657318591,23.495546764195414,8.36779066756667,-1.3015879828033312,0.8007019475455768,0
4574.179347180923,1.2867493759449695,253.1958624378754,-0.5317243840449031,-2.487286889747819,1
120.31494000304872,12.332507140962425,18.955593959384597,2.0358735351817927,0.7762285047241061,0
59.76270979282758,15.475982496535531,10.001165183821733,1.2907584241224281,-0.4836586374375685,0
3335.0321095093545,5.453324642318807,262.6079512617007,5.182239261219976,-1.2341969323231456,1
310.98708848746895,2.650364721866464,1.4979168400396747,-1.2325403112202802,0.5327832093226242,0
119.81381257740783,3.688585028260909,4.487659595995909,1.5486392950240366,-0.9289264824607304,0
197.33626012882115,0.9355036958671299,1.9338911957513427,0.43494103836789866,0.5845240518374347,0
163.4245525101528,22.362089266387592,2.1608911875281422,0.6445184916452914,-0.8639798490760783,0
498.36494265722354,20.896056819012422,1.6289442578231839,0.39387321816474324,-0.9464907959884281,0
320.03297352410016,2.461631102006155,8.434252350518328,0.5101243612500749,0.44489589500988425,0
132.55302981305078,9.978602484559726,11.513305059948394,0.35834451107600324,0.709410980586605,0
454.245404593416,6.526793427087144,16.884246505722864,-1.092141593428733,1.0653762722596027,0
385.89900193000875,5.80636032757271,15.604252970712672,-0.917976104610736,0.053059312932619035,0
436.12971625431237,20.109800996443287,2.1324723787319577,0.13674664739923068,-0.29969605666431426,0
176.44126721115083,1.5766766149047786,6.632336982156679,-0.5177574472222197,-0.057397463786793744,0
415.225067030205,20.155254855254814,7.4691589026541045,-0.8963326585920618,-0.1683004231716427,0
108.90326858231495,6.237719501827988,9.509514304654674,0.1675701058009903,1.0567249112804185,0
364.0025419054926,2.812893736325602,15.208001345749654,-0.9785883899886544,-0.7248610838000522,0
187.0193225144196,10.026263502602394,16.52129369096571,-0.30356432526591504,-0.03916211544275943,0
23.259038940493735,17.34754327700361,0.33184961265195767,1.6163000427219165,-0.36931877015818887,0
495.6284699378034,17.242894735741203,0.5069720852787696,1.186145474042299,0.25062823210330204,0
343.08835284109665,15.653382229091338,10.637435330100331,0.23286808742689824,-1.1681778278502002,0
161.4972719634915,13.162059911845503,5.998587949461324,1.25228366195664,0.5989963416842641,0
340.61799551673647,2.719284113459141,16.969435488125292,-2.83303029014274,0.794923113875559,0
25.76585559865995,1.4834030565413432,8.760881518107675,-0.5168468831738285,-0.43263751633352826,0
303.70705372378205,21.62306149657123,15.489712062395817,0.8635282425215212,-1.9354299597138063,0
165.06892324718277,19.263367496470313,19.33468455070216,0.23061084876621443,-0.5036502603755963,0
349.01603363263854,15.724169148584114,11.056297514366982,1.8884369396142566,0.7497454754383477,0
355.49592600904253,3.5733132079786722,1.0553051571920524,-0.06953228624226938,0.18198988262279764,0
46.33285476584104,0.24314841666584108,19.386436245683576,0.43450264609130573,-0.993593003931448,0
131.0471241080631,16.967435698937187,11.696556226115817,-1.0258681059694763,-2.367477653373278,0
280.6166249168833,5.756978706142673,0.3240079467893442,0.29497145570882155,1.8167556295751046,0
14.756716188410257,23.54862069993878,18.841164389771908,-0.9087696708079733,1.9669169625082537,0
404.3831959372957,4.7063451057214305,14.012229927889033,0.635967750711738,0.6874267551265042,0
133.41459954848978,11.445602555231279,16.405066378897793,-0.20528401949625125,-1.0501865373616694,0
215.48068471227054,7.720079751829167,4.39269857189138,-0.17759599475873897,0.47463348556679213,0
255.54022210592083,6.687433514760873,9.840034588641656,1.8674620041613508,-1.874892064047533,0
110.48682849241624,22.385052195186272,11.288331755594953,1.022841471550764,0.9653266671611266,0
63.17549215466692,0.2809586575416976,2.3029235679040228,-0.3187483152461331,-0.8258327732380476,0
149.3729764611051,9.832105281023823,0.24006054545365085,-1.6233825299412434,-0.0412596526500604,0
276.239947041978,21.854537213146124,12.782156939894127,-0.3313522990878492,-0.7619412381350837,0
8.161006499832622,6.02143309658646,19.142696650795923,-1.730262730484345,1.1765332537877653,0
87.31026753425931,0.8644516389942334,9.214672004833478,-1.0363092473737703,-1.1918747041912499,0
270.3677013403396,1.7210853323436242,18.791371780503315,-0.45341410838385404,0.055002936033374625,0
191.58749256532926,16.860972036835367,1.7557647411631994,0.8378305352294807,1.3530691601664073,0
324.67635226432697,21.230085317510728,11.615119981113182,-0.7209701084698963,0.676507476439975,0
431.5838824016911,12.014485707712982,13.420259610658196,-0.4888861190436912,0.1829944496452604,0
408.21448651453414,16.892570199223947,3.9728915379481156,0.5061576554607123,-0.18455144218594516,0
68.93391049999002,3.6994810362836903,4.326655552616541,0.3831681897589003,-1.3011092663913453,0
17.170523647106748,17.961224392229553,9.468713187500429,-0.21715880713685662,-0.5090938053115694,0
292.7129196041931,11.920690147630717,2.663642513350468,-0.33689512678513855,-0.06374528550396617,0
89.03016301833267,9.345718535493006,15.306325990507725,-1.3990784281844755,-0.9250846204786352,0
225.42610122631942,20.239828026909194,17.704777574151304,-1.6178006138153371,1.0400578907933893,0
439.9218432458032,16.909306272658686,18.819846451488743,-1.742947530486665,0.4705098473785568,0
300.15358984861626,15.864342101935687,14.789384664774545,-0.7491717266032418,-1.4228769078115544,0
51.749265574184555,11.704009646910347,8.882071138132373,-1.2445425000847228,-2.2175910793587708,0
84.53727976348006,6.744107973809126,3.1747352674861906,-0.150614014629933,-0.205766993677172,0
132.10440102165143,14.86862880087128,11.57083636407063,0.1165785120124638,0.6007330151455916,0
294.9589127303643,10.330257847703765,17.023014708519636,0.94881309647162,0.49201428056689855,0
152.07524923347162,18.210630090175805,1.947337875824422,0.24941768768504166,-0.4693464664267112,0
176.11951678444012,9.09825716812647,15.31717287769484,0.5995775412453558,-0.9310017116324415,0
439.2142677024886,15.993249925876956,11.759832589276655,2.068226041505824,0.5161440395863797,0
349.6629440596792,4.015711296025449,1.748930035997709,2.5009004979342815,0.2939493879431622,0
333.51722685451085,21.458263260798017,0.13964523760696235,1.5154448083522476,0.20885354253433172,0
245.5065207972312,20.09087106793565,1.0993261367964413,-0.3177608940173958,-0.31815850161792886,0
201.10548234658143,5.841520397244731,19.674231664183036,-0.7971135662249808,1.1706616293176602,0
55.20331008236217,0.9345124005039747,19.97585871631309,-0.27512142825504665,1.2892030514068733,0
122.5843447827921,7.752656298098253,5.6365000659094395,0.5377681903684838,0.16663789531183854,0
262.8741987496609,3.5261261660104983,2.67556289987936,-0.016568409822520076,-1.4419103561118092,0
63.06755353638527,16.93105992680367,3.715539093974156,1.3909723580014006,-0.06338985203481078,0
77.45512612031331,13.903547199886509,5.493317395758108,0.9575371632797675,-0.4895706470306716,0
72.86930433585454,23.989384878010526,2.713229343207555,1.006606541032628,-0.5587995720623407,0
432.85733367062033,17.829155848030535,12.343884542339334,0.5793467597567757,-1.0976109822757267,0
93.37960771689514,5.807451127609089,7.862435964141583,0.023195978557374822,-1.05649707062526,0
62.35518446493921,20.206405603003407,4.6276127275369605,0.8316167861804036,0.29471925290230155,0
317.74769587325085,7.509777461127557,10.500986804907694,-0.6411142602246448,-0.6401544568346118,0
435.5986992207535,0.0324870171712357,4.97079641854852,-0.6566893456274132,0.014004967371380734,0
261.2672634754322,12.853291557112142,10.098229025002786,0.5911361179239325,0.9022713999434526,0
448.8988851900805,21.74666405117993,19.83065551654773,-1.2735855485965992,-0.9367952349593828,0
307.1152227389046,23.77629976957838,6.329142617488324,-0.42483134752563845,1.3459350078383152,0
102.01151689747687,10.109953279057727,11.01326758881703,0.36016418394576694,0.9959736788464457,0
172.11950984479583,23.32812791115689,4.453521582461699,0.8377642215465891,1.255349780288475,0
413.2170781329488,4.304752368293051,6.836980838345164,0.7864062119958165,0.6098800471904189,0
265.2166402398295,6.933238533819976,18.576159213757705,-0.34514688113802716,1.3954340821991853,0
70.59971300721497,9.763315222841365,13.858404584495771,-0.061097508005868134,-1.4587583925306935,0
202.09350332751694,10.991898216085715,13.80645693801458,0.21030304022199536,3.1176811292080475,0
348.3727017618369,4.7824880752032195,3.929739339124223,0.39457998548421935,1.50506203860833,0
343.94193041417026,16.250895353640225,16.568773418779816,0.732829081821745,-0.3672039342117483,0
394.51717619637105,14.59966800018652,12.946842687461825,-0.40328779191093866,-0.470755099124782,0
27.425484837162035,19.952964345257037,8.040544337764814,-0.5294669635070083,0.5182189504454116,0
144.60711342279671,23.316784581625214,2.5665172437752903,-0.7717719573928751,0.9764313771980682,0
472.4119121111498,8.902584195786364,10.89110649309351,-0.856348518281204,-1.7941435111986004,0
335.70214260246985,10.4879012559749,8.813297668485871,-1.4110568310660818,0.12224300454706621,0
370.06311781432544,5.918487239472591,12.914500867021072,0.4755884359285824,0.16064994035311653,0
401.03512950608393,14.27633710804583,13.66858830314541,-1.590141830680298,0.8049333907323256,0
496.51757407905365,6.609148182130045,11.634732948423734,-1.37383482489866,-0.8987998102438376,0
285.67304918840057,5.249174711950255,3.8535279297340064,0.9757133776692501,1.5268126635772652,0
419.86706837581454,4.854100332588838,17.287325329119465,1.1659165202552229,0.06970426942928022,0
198.49846797322976,13.742573589168538,10.090058481096715,0.3202165779488289,-0.5041286736516637,0
295.48635342033515,19.39764504022133,16.652235466522622,0.5181017020299757,1.0500490415534267,0
258.4860638581441,4.917150579617101,5.504783620740166,0.4802605014059249,2.14300705458491,0
434.3106294751022,6.342630315807343,16.900792977932852,0.9386400226789446,1.6797473822215292,0
343.69534812351765,11.958136374322887,18.6749884600294,-0.2188662517356257,0.5053371476473485,0
208.8612525028979,17.781697347649715,12.513638245227053,0.3993176017191309,-0.9487486952680001,0
64.19915173945935,18.372309575786634,15.047957646075758,-0.6135876053627944,0.10801412097950092,0
1030.3704890589656,2.8230304739539633,71.5395195077482,3.260920812619217,-3.68618278829116,1
386.35167181485764,10.425679656158636,1.7626886195338298,-2.085792438905004,-0.7312545688129569,0
82.29553569626422,10.387584053027261,17.727607239202833,0.7396754681178337,-0.7039163254155445,0
291.4443272433347,2.769471412294017,4.035898965049139,-0.47020333878531134,0.31695200698411535,0
495.9459259179349,23.533637449457366,12.918557860460787,0.7549587661419644,-1.9062366200893806,0
258.7808129531718,9.517288367759118,4.8160763214634645,0.3826535514774916,0.001783041104608902,0
377.5947365810324,23.244895960797415,14.979263017207971,-0.8057996548842047,0.26429021015325105,0
451.3721861070346,3.0116711231796165,7.245869800004097,0.18583762890275304,0.2971600238082216,0
2625.2643394796046,1.4841082309064568,462.6404370583262,6.878962763525844,-4.164801190678691,1
493.17431851740344,15.285655618913838,11.913596483230592,-0.8480655980305086,-1.4745026870482356,0
239.71604539822596,1.8952598925798867,13.301119780132622,1.3508523306990055,2.935406206388468,0
153.97696563867405,13.990225363302315,14.625011786947502,-1.2681368049753126,0.396366956467351,0
298.24521158671104,15.415812621725458,16.818174208058142,-0.05310680169691065,1.3528005348967251,0
341.847154526983,0.32989329627228603,6.441350703914594,-0.26175829022109454,1.4950303097358375,0
354.8547223582957,19.29154908464272,5.655309141201972,1.0918053390746456,-1.8337057676294346,0
106.81519478679978,8.241280852263461,2.037575282791131,1.2334060763526695,-1.6522426773534897,0
10.442935185947835,8.570907823212067,1.0766104981691815,-0.2218882712922687,-1.0179114904771591,0
297.4920068781797,7.925161556915941,7.953688288661094,0.03556607403299353,1.2888634252063023,0
333.5832411727935,5.282671821714075,19.532352746300184,-0.8937460190837143,-0.1605596095017974,0
484.5945383664173,2.445434420950483,6.556856757716365,-0.7451677703173505,-1.0525471918701104,0
66.96696714026247,10.262432008880095,1.6993257977893284,-1.3559703448599638,0.48279012406031796,0
165.54520779211092,19.60737377452408,1.0331471422928207,-0.8729889668893527,-0.05585218265281086,0
313.95370938532136,15.998411497118862,5.132944143721916,-0.7641867866378464,0.22392687394660638,0
311.96563591176067,4.004644840770068,1.5856056926238349,0.683223014788808,3.529055187570484,0
457.6339132328551,22.037738080210488,10.177881401397604,-1.1081124582588693,1.178865937036939,0
97.28693976140599,7.434908621018382,5.959544709916875,-0.2766717717191454,2.1245562298290137,0
118.85437445741302,1.8829395916109748,12.910687128210444,1.315508290940104,0.4612720843178312,0
68.79546234577137,20.725140540349084,0.9738969679985954,0.5050210882737669,2.091094272732477,0
62.86453015064021,5.013185376123929,18.655058781206264,-0.9657826328639593,0.6865677467531761,0
184.72573671732437,7.189576270892974,2.7997475344352574,2.9181735550600925,-0.027384320403744018,0
101.64527896003203,17.264486936859804,3.1240301586119856,0.29094736433948537,-0.7603636412161305,0
334.27262424461907,0.1047184716074181,4.937140551914658,-1.0560307999666676,0.5923295470133433,0
1130.2905171152142,5.64105637980634,103.09054974666157,5.273120723022314,-1.5607567346199749,1
334.13130362117295,7.830094032987523,13.537445516551529,1.8686032191630024,1.411356861745625,0
83.50952712007148,14.487292813425002,7.1396485893732775,1.0102745868360157,1.3137821765718076,0
392.2808146088454,16.671383013449468,6.09806248770127,-0.5922408448128146,0.725081044447508,0
493.3819108646292,18.76703945179102,7.999660365871371,-1.7523770951409967,0.9625025919532985,0
270.23470381417525,18.223020166043366,4.83202552871526,1.4980976334877842,0.059905256796438384,0
89.98124649491024,9.548079012051765,8.61071641826074,0.6879329720514281,0.24180207155574857,0
498.576627578067,14.719000437297098,8.60693064744401,1.8987349813552388,-0.048829835933703165,0
370.10323928650126,16.828076678166234,12.712906439052265,0.6900736763366125,-0.8605654038138869,0
118.25509191835312,1.5687877815452458,11.460844012380313,0.6863535550145331,-1.22322023006193,0
285.8195487163073,5.079261565676669,1.8265146866711413,2.202013924659616,-1.4439255470737569,0
452.5585537744055,11.413104899683841,3.2673351679684037,-0.020560557350507186,-0.05843011899748824,0
256.1965282116139,23.160368866907326,14.30250039633776,0.7165893397596517,-1.2249998886600506,0
318.83282303430764,14.344038784864875,5.043457549910599,-1.3189684983025107,-0.7348108975341908,0
362.5221312685513,17.08134733790517,7.382723876184089,-0.6994145401232875,-2.954248941242031,0
450.509227714812,6.024033198295206,0.7791569269692844,1.7681692930597834,-1.2876052836530612,0
435.6989425809603,8.862738485172986,15.270316873364244,-0.49195690486948307,1.2371808002890092,0
222.11463249884727,14.535309343761874,18.176529954337248,0.612332214002512,0.8100272385061165,0
221.613546407419,9.11403655006362,19.649651612024957,-0.18352817215715306,1.5283315634862455,0
347.84984635195144,6.50262475959277,15.95609362682145,-0.6011265526688468,-0.8915434898545047,0
400.9584622597287,20.49083812091201,15.510105934379988,0.8422973270139027,1.2497104201843185,0
434.6880616031879,20.162593882540797,1.2181108647036543,-0.38148941482409277,-0.61836502004413,0
38.2028563072716,9.315976947047893,1.0726958304166168,0.6137708557899086,0.3362778892475625,0
182.62108964113372,17.113105215223648,11.10267573506377,0.30783237251388496,-0.390408738280471,0
482.68832077992374,6.489438873228613,17.931493169380204,-0.5070086592700558,-0.36515261319821335,0
60.042753741544914,17.37535333118625,3.238460132644274,0.32685540061043733,0.02233923931860801,0
439.29967060433796,11.31089201755595,17.31124766344407,-0.9944285217997922,-0.7199895332219391,0
365.8585481802887,22.57630188276817,8.383657518042426,-0.22153659758373817,0.6159670060468382,0
156.23453377572164,11.7080236450563,7.818348536823246,-0.918019061638965,-0.28815603051111766,0
407.33578579246375,22.6014170788542,8.24559455663331,1.7481370691208353,2.441221722471914,0
465.7248761737645,0.18393678358140786,3.7327987959536513,-0.009844808650383004,1.3992279500711593,0
347.0141803607207,5.731109073156943,7.494439410147528,0.6927690318488605,-0.6084939037312018,0
162.7824889513746,7.117437892942337,7.0465410850507855,1.2239487531460047,0.09116814666643917,0
443.869086544031,11.667131645158179,2.086261747037643,0.9693693024080543,-0.12243598974739747,0
87.97151206271724,23.93237649367081,19.658937591094016,-2.5222779174879504,-0.6798885397361863,0
85.94431692958626,10.831058712702118,7.759455087957727,-2.4036686011005304,-0.38611277608614164,0
239.6110119301218,11.815811520028365,16.84330753300762,-0.3459193290471707,-0.29786680495686124,0
139.31777072807847,9.837717352710918,12.236620402064428,1.719040612841821,-1.269465266012813,0
87.90387821823953,22.586899500808165,16.879869438840494,3.0982994340712575,1.031653774575175,0
323.7797739033128,19.367171781215845,14.507432004697149,-1.0962203248685651,0.9049620414941998,0
227.1033431981527,16.004337391335795,14.409134829255123,-0.3939866812431204,-0.26813913924176325,0
152.28648340281617,15.768731957618575,14.244404103543173,0.9065441571099638,-0.8642852619405358,0
352.47360424256317,16.659613764235942,15.37162661826404,-1.0952705188428047,-0.6529501558320808,0
155.78381574081848,6.475697283077144,18.65109756838624,0.21668311896428621,-1.3453354874152414,0
2632.6389241003635,2.2242639422267043,93.62812668202162,5.376741562735588,-3.200885513522158,1
304.8585355816591,1.2054242751353703,19.930526175972382,-0.09195678260426586,-0.7113032269494793,0
4558.272423987521,3.6849762156971932,387.0129382153338,4.572175138903733,-4.100106851602608,1
434.7304159168651,11.374109282786465,14.345237517315129,0.4928839718518698,1.5929640960273812,0
30.455777674703924,4.912322617374815,6.156383000522383,-0.01979434452070797,0.6091355190535136,0
88.1670328337074,18.69846207349888,6.939179007551717,-1.5085559682128564,0.6446898032842333,0
222.37177974225813,22.818544985552112,1.6314985122273185,0.1799143695464168,-0.5279940217656136,0
449.12180018689673,23.14743969361948,4.222518851160748,0.24309172766069878,-1.177761457991358,0
74.356022004394,8.568704255280291,18.413828015572392,-1.1791082143628482,-1.809267714588258,0
10.620054159872439,21.658879374860202,19.95498778020401,-0.19569853114690144,0.15140739062477757,0
491.27741536976015,15.371425012220255,9.676050797212945,1.801430099266488,1.25451870238119,0
80.07906546771183,11.334763299911561,14.403149218618804,1.2525407310292307,0.2722367253273881,0
96.67180609439663,6.659152313398897,17.81664296579267,0.8569755369827861,-1.5594357791262254,0
117.19491910235907,23.933709597686466,19.162762396089924,-1.133421018292623,-0.17237495745366196,0
104.80552342363355,11.851536970966288,11.442459274444126,0.6002129657442777,0.1934485749917961,0
475.55053773409026,11.845117928162848,10.886897752686423,0.827115428565768,-0.8374057253154913,0
390.8943144155429,6.961092767098485,1.7951900112031427,0.11339439196668935,-2.7738149399339167,0
460.32853012431644,7.269977491996623,13.65080957534314,-0.009182353385138937,-1.1207676506962496,0
463.86547912252615,1.5015562132668379,16.87625727316612,0.9558027451124809,2.254038108921119,0
35.23359012815756,0.4587862663143367,8.308860011841793,1.6733639461525236,-0.03509646678459442,0
318.5348594726596,12.77809637460521,19.31494419639495,0.05586393984449697,0.1454272174057594,0
167.6889499581084,9.469825814343514,9.962598870960848,-0.3756336657655356,-1.4811457246217157,0
3185.8558735302095,2.1841648152873976,213.89100019228223,4.414407929845851,-0.8296974182208876,1
240.64494908855434,8.473209398407256,6.911591717416261,0.1247520996639345,-0.5054897554445111,0
64.7147561947974,4.811388372681667,19.790106667686448,0.40023585552677515,0.707457710864381,0
3820.789041138223,2.8511863167416966,153.04423338514027,4.3920234887275305,-0.8053544500368344,1
238.7463879551649,17.508197487657522,8.064212663676456,-1.079842447781487,1.32099578954071,0
253.58653011396507,19.4669704784033,17.460862940304068,-1.9988889068612499,-1.917348886010299,0
463.8820996741718,0.3451547057300406,11.596591520954501,0.9639254230555709,0.4676901038588855,0
3256.2027819368755,5.365817359911889,399.72253829251775,4.06439921907535,-4.099013248773156,1
170.77827925525764,1.2565204844993376,17.723425881119862,-1.4829844319824181,0.6604599523515503,0
487.32542979475244,15.499737270875622,8.655429686836378,0.8080361894020714,-0.04129136178466144,0
124.8122828519511,15.941265239735237,12.283724886380227,0.452067838259671,-0.2145376645179636,0
171.7634169266979,21.38053283959552,12.20726015636314,-1.6744694604532453,-1.431354847054427,0
485.1053768201872,21.039618283876813,9.158579888680558,1.0578141808207961,-0.09830984745437601,0
429.91431216229086,5.257651418444587,0.5137928973881634,-1.6885051880685,1.5391423458106503,0
291.2486697931061,15.675906972750791,4.374277778130784,2.7552177437199017,0.016124787900472438,0
123.19468715530965,17.449362278769364,7.11915546941281,1.087710426157866,-0.3230423687730068,0
293.17437778725525,22.981944362011617,11.471265600534199,-1.7464667255790336,0.6079475670057539,0
210.99622909898196,18.253815418926777,12.521094179616025,-0.6049067639281748,1.0845005302909256,0
165.2212220201006,19.740835065220722,5.223248650217204,-0.635409880228737,-0.47687646064383565,0
10.99978344872717,19.861273254577128,18.859655681422712,2.6378817522602,-0.5044226832971694,0
273.4074167184649,22.357317943427546,0.6684714487100751,1.0984848760518187,0.3780462604278832,0
97.58665553597407,17.134863180158156,11.277858421108046,1.7311696317672995,0.8652897561352498,0
376.230432847593,16.17912709286551,14.349299812238243,0.3754558576272528,-0.7370293611526971,0
365.4670925628705,13.090364865765732,0.787836673856388,-0.8022800271395435,1.402009325919122,0
106.46722623083139,14.245462449090862,17.59829253454029,0.803154742614022,-0.41896344552123466,0
52.37870498248005,19.267462435788012,15.880289005319256,-0.7708188027286894,0.32093006192565754,0
349.5347493541116,8.350593877971999,0.8027771817073304,1.2809395766667275,1.5361567728549452,0
25.160757147890216,14.237317682577224,0.324868864189074,0.09297924652940966,0.509683077242329,0
284.685886465213,21.561275198016837,3.5178056683732417,0.07225204823791581,1.135620585491476,0
161.0687172261521,1.0181351569654007,5.479761989399437,0.9524619705361694,0.6308756035961556,0
18.051652376139742,23.136417770824856,3.5430704644525113,-0.5117635579423034,-1.2859997065164936,0
493.88653404934865,20.89264719046522,12.470106224946743,-0.9214510234289213,0.7298193622676307,0
462.9979171207546,15.913132603282138,18.695910349855666,-1.5189697808133147,-1.7632366989034851,0
174.3304656143742,17.726338995175936,2.762505862804945,-1.3358624041686133,1.0852222636616315,0
14.50017702741306,11.694368498401218,2.2479405435202593,0.5374120028203807,0.6276804178744745,0
159.30242355879636,21.12376171011564,5.744424184103016,-0.7790194215199856,-0.05727041082210227,0
69.96621445278186,21.488306139676062,9.795717359764815,-0.3838747413307828,-1.8730058309306206,0
165.1870584790229,10.416503345010213,6.800087721197842,-0.6038589312369547,-0.8491048509902235,0
206.41944055782096,6.468284695014543,9.388136839785162,1.2238559185425932,0.8102600443753338,0
4420.34170857643,3.228477257244325,217.58029971591026,4.441398267912392,-0.6398190906014021,1
193.54097403235565,0.5604503118764619,18.71874496497119,-0.735116800724588,-0.6308464029471887,0
149.61160102493298,14.870144099036176,16.11429051336436,0.4964001177339411,1.3025903967862316,0
18.123098718102796,12.418712442120992,10.805988135229994,0.8707466445884032,0.3461173287977227,0
493.3979836672375,21.160574684244192,4.732195654150146,-0.3559740843858328,-3.601085104459518,0
276.05822619609944,4.302078137742738,12.015842986792382,0.21896391585597508,-0.24733596389641815,0
322.28117828593935,8.673690697612471,8.926527199731225,-1.7291828895034203,-0.5289163791046552,0
248.349858182832,19.069878688804565,6.8546185085581435,-0.8063769291180498,-1.7106033544365142,0
381.94776270014876,1.4285928083465205,11.12929274697644,-2.191253851165281,-0.7507296070055988,0
446.11584128054517,10.318345857363555,9.548323789607075,-2.0858978777333372,-0.4551989048161591,0
374.5132455334219,14.76715260167525,17.91379888533233,1.184256645196173,2.3654077719999735,0
137.69150220732374,15.374764405173297,9.160572331677372,-0.5235759884065829,-0.7560040194566048,0
140.73652516259168,1.9475802848697397,1.0565337272944397,-0.23058639852361285,0.49199348683649613,0
140.7095299471039,20.711923952612928,1.8489903407413322,-1.1433389910838607,0.32699451327009765,0
493.89566395834026,0.035371730071473984,17.078857642837058,0.7285186435145362,0.09743411029730303,0
2094.195745974316,1.089047769728973,141.02293178391366,3.203783852349436,-2.179338134939594,1
282.83221279690065,3.2484979746644527,8.56915807697591,-2.1715714047604475,0.663545618498435,0
128.58566438529704,7.300769271270741,4.9392233398378504,-0.22710600778092602,-1.8750073874719364,0
151.6725196257151,9.132425036877468,7.642469889199464,-0.002786110666901238,0.9481429504720496,0
305.82971346503524,13.264969817245087,12.19625523096234,-0.7538621136909615,-0.6026243046145574,0
3031.9435385208913,4.504868288246634,151.13751717981086,2.8591446469304294,-1.8975168050902738,1
173.027845308689,10.541054429993217,15.331918894241031,2.7030275644050836,-0.726774137833843,0
147.8721238539266,6.513825130721145,9.76355350621628,1.0294405559270405,2.7107942990405327,0
484.40194490922,2.2166526746730844,6.847902465917192,0.6190329465885325,2.1857306167225743,0
459.07021985381016,12.938269265664209,3.2857368654481856,-0.12854629325195685,1.388664520102482,0
247.2791163373937,22.696755528006776,2.709190735893816,0.6234071382799156,-0.7474556539582122,0
178.3120032875314,20.913936820580503,18.216525293726306,0.45899400167429094,-0.17961972140563326,0
491.9210680053897,19.10223329144406,2.279317742384823,-0.26556051251854124,-0.23227350279947281,0
1808.3473965080327,1.3865335328074113,74.84793203768254,1.8443628012931816,0.28013761148665184,1
473.9052531078486,9.70295393411686,14.586196009544123,0.91041849968557,-2.025039913676173,0
232.27219933793936,6.618421638032567,1.240828339131086,-0.9935895155940362,-1.3154413070498456,0
71.53526508479224,7.6220830862668,0.12928715579421102,0.7707502096187874,-0.29779615622396016,0
85.99379148987624,17.13726536107504,10.706955361233135,0.8567374214704584,-0.8076505577467649,0
104.074370901181,12.135219682127012,8.757997742858246,-0.10619409003975315,1.455600479257298,0
426.4553540838224,17.40014583117885,10.118516002927878,-0.6117596395045849,0.09030979920643496,0
138.15173519537333,10.654066908153068,18.65735380253266,0.029430591677552183,1.3722713166079914,0
144.07677884815402,14.425780003205592,11.539632248353637,0.06936980265806943,1.8055744326868153,0
312.053227919965,9.642691215703781,3.696767958940499,-0.42389004232235256,0.09715578708624777,0
177.16555791158555,23.29623708983386,8.6738866264076,-0.5595462852894689,-0.03992646337336377,0
69.10988603498807,18.810236219618574,6.776469648456147,-0.1539052269746876,0.6700496718155238,0
80.50682624255937,23.424331758701125,15.667744399916767,-0.3126684457323573,0.06502463118878012,0
466.7005992602366,11.654152791825547,2.486916828617407,0.008783654898147817,-0.6865387531537689,0
268.39617520633124,0.34356666400943947,18.44868567312249,0.45358552350921844,-0.9823242722767759,0
2342.6183384994974,0.4449546346441844,310.82490465272775,3.0273786912841696,-0.710553819717731,1
308.8971244562306,9.295740431407538,9.38049879435767,0.6988156702804763,0.6322163140318503,0
244.35509512636273,15.588214312978735,10.750802872806926,-0.41643843324802554,-0.9414031690020248,0
355.6396734739422,4.927990528963195,7.901066757135919,-0.17611243395986265,0.3421060396504182,0
80.9089445424597,12.742504281890252,11.501211469176294,1.5737342165551063,0.15809389857678602,0
402.81767806506167,8.336239830212225,14.56741708679292,1.146027575013415,1.6923465724632047,0
234.0264939064552,7.153253007346636,3.436589207153169,-0.10199471663593199,-3.2210163559857135,0
91.54512049390421,22.834675815914206,3.127242832897501,1.0829999385168685,-1.0504376287559674,0
49.25844614456846,5.639361719902866,9.380814950363078,1.0230565552522393,0.29551169159033874,0
116.17938735529107,17.938665758320656,2.3990588346193964,-0.5387608373460957,-1.0391111683677392,0
271.9744097482471,15.930952468214137,16.10860086091958,-0.10581875749769788,0.33935581275622034,0
145.46907337036862,12.541838384081885,13.841011060794896,0.13735247940703602,-0.27036669676116976,0
3914.5736421694082,4.454745385281339,433.5644071679196,1.8865079806851424,-1.1577910552608004,1
226.46912157761005,20.01947032801622,5.612016264758319,0.05022769916568044,1.22393634423789,0
39.3338439332069,12.296730661098977,1.9328966857550456,-0.5221315700199924,-0.6292121495294424,0
182.94811985377882,16.228261489810414,13.476777965400093,1.029413100955326,0.3857499681816948,0
68.15224988380406,22.922764975000835,1.1923465068931804,-0.010867137034972144,-1.7260106186667665,0
139.79212662708764,22.068744591745194,2.3828134399209633,-0.6129832712706895,0.3014070697811174,0
170.08208998711638,18.72902696570353,2.9339022803036308,1.0841982440435427,-0.20412976887271617,0
81.8439217357027,12.711833374694876,2.1080275479292454,1.3632289751322504,0.8739897510068825,0
159.29698266425842,10.564775950931773,19.423018147365717,-0.10047572057170515,-0.7660452024003999,0
248.67753894177721,12.855758384341886,0.6886261714662911,-0.9106450871824898,0.4441451710872574,0
311.69603767442567,22.250970764746782,5.162152863468295,-0.06327395989691587,1.1067745186243287,0
348.87475307294125,16.646833379371085,19.0680575876419,1.0216229840730389,0.0780074184788575,0
359.4062532794618,1.0535986234321228,0.9439340339475799,2.571995317494969,-1.05470445496592,0
201.6572088273818,4.781166597457275,15.16080842022433,0.6989196850807888,0.6036457389607386,0
140.2634658641136,5.145755591835949,17.158698279946577,-1.9049444540106388,0.39397522586440237,0
4562.492214940452,5.326908689789992,107.85976735859532,3.277287981090547,-0.6727361257982623,1
82.22922701900607,17.89761078554957,5.193416779008279,-0.21406769772786138,0.521449399059529,0
367.4513187727328,9.997579883575012,3.8025753263741136,-1.3820175686924376,-0.1840868670159194,0
55.01767645027011,20.977722559324445,9.167269588526123,1.879874549421008,-0.013973228476073308,0
261.57317792004966,20.19474127403424,5.060526818405064,0.3842020720058965,-2.7075438553811773,0
228.6250009749284,4.073482285846156,3.409250231632841,-0.4973543714140932,1.1328046971748071,0
490.08531303263106,3.6113345041439393,15.132930987047978,1.3181970672340253,0.006381540963314977,0
188.467862798111,8.514511004063621,9.083673254734121,-0.7281719009698155,-0.8508840890388987,0
437.1081887588221,0.00027923412878738674,18.18859007371753,0.16540366029970424,-0.10986412310193568,0
341.42540493306956,0.2740316028977672,13.921597231340783,0.19337945192415906,0.19540322128332027,0
184.38498006273338,13.067575987206311,13.246274774614399,-0.8015275901045416,0.2775525134935317,0
79.33365540443562,19.844605463346074,6.233058333092978,-0.2414305647249931,0.6040516449216232,0
364.41521019271744,17.75769889840633,5.918640588732322,-0.262746747686504,-0.24936962517248124,0
70.1260041379936,1.6571017515503934,19.69308955181679,-0.5998213939170615,-0.030263057596985755,0
208.45909255431883,16.581215437219747,19.549131263676852,1.0256321138725824,2.159121154603292,0
481.5109652655729,23.107448569776622,1.7975370347232134,-0.803948414727481,0.28475459338556824,0
142.92999979712266,1.9614082979226781,4.676256661861283,-0.22938233185546722,0.5817817706283626,0
426.03795590164975,9.542697085268895,16.1019462408227,1.447796418457866,0.7399440513793163,0
398.43072663121507,2.1933956719626337,12.706466934166421,0.3980482165092625,-0.39156997735603927,0
431.8700358296389,12.801279090368702,10.234148942294016,0.20084509311570958,1.3491790488887052,0
484.9443907434565,2.1264103123108136,8.353339916339895,1.3931812579349059,-0.2728445463401307,0
410.49848541626113,16.260758733208434,5.750223987675181,-0.363131646817078,-0.27037139913579117,0
74.1873264300133,2.1429485886137503,14.997198625765375,-0.4288479256060734,0.023080658950420673,0
92.31155832058053,22.986955223716894,17.228360921910348,1.193311005927126,0.7267940464018038,0
259.83459019519665,11.642271839508965,1.7341313519128043,0.3807780713650517,-1.0188699570667352,0
292.14267287971654,8.017199176050461,18.329783022310284,-2.5535495960558983,0.4685401615460691,0
416.90641808908225,0.3626564211474008,19.345423807405954,0.6939232331912581,-0.35840357551288854,0
11.01646497145909,15.654999566206552,12.975307723187719,1.5287478505409084,0.4090649383340571,0
468.7307209657552,22.714956315609733,8.069619380539992,0.3817341689625093,0.05821272708505647,0
373.99253972124336,22.744512623147298,16.083311299677682,-0.5292010098115129,0.3246582355025183,0
378.4987226719178,8.132655584130038,12.342118888573125,0.6037905202778941,1.2307029049844702,0
212.03030296385634,3.3732712218806586,18.817603391184086,0.7335478135058658,1.3393265894799997,0
276.8671990295296,16.888463459059096,5.867068428820197,-0.15830547800966377,0.5682733771527843,0
149.15842439803075,9.90292418036697,9.547007962448026,-0.8978300664256293,-0.2290810309217097,0
465.04111461815495,14.06075492288446,4.202143858247036,1.040430892644839,-0.3089600145979074,0
405.1566873176483,19.319735992338472,6.065717816985659,-0.6375875420759639,-0.3262337044413596,0
94.81054036944967,22.6488382276853,13.262924979504175,0.5343648986363834,-0.45669761502324635,0
131.06195791279532,19.234698629350888,18.23637139078894,-1.209198711239606,0.7570320650539775,0
176.7418349386327,5.4776487238487785,10.011586348616625,0.2178023397487261,-0.05080078861953355,0
424.0245976516876,16.585339505742283,7.049620938867022,0.7344767450012178,-1.025219085737433,0
10.364637482747689,14.80959638682723,10.827488418148764,-1.1534924259847839,0.6951652483301405,0
434.89164806946684,22.22865764236277,6.900336798491322,0.03390272368233751,0.6353291952162062,0
127.43731036288284,8.169290502108137,18.048065522213495,-0.6867153430032953,-0.4598592623151402,0
447.47682861022406,5.0878573127677935,18.634808066330166,-1.6270049208667487,-0.8544934627380543,0
4514.504070609866,1.2499616811602383,129.66864847695786,2.347384137635526,-1.6296409048750824,1
385.2953398629365,8.054650902476226,1.3807387382274983,-0.6245104550885774,-1.1809724836643856,0
69.39268886466283,10.405987023182744,11.946247566614236,0.6127907415832897,0.25473113738020947,0
464.51768848092405,19.71928554505132,8.54972908180536,-0.28509425704201397,1.7984800871381175,0
24.475052630912273,11.615744836313931,8.891470021388571,0.7978507013821389,-0.5789517573489231,0
207.18434046999585,15.401625535165397,4.539570789430421,0.9524781569528054,-0.4033797459686826,0
94.8908698167057,8.096293122458224,13.83311303733083,1.618787639660868,0.04303097332128144,0
385.8059223524632,11.233657301622962,17.3599918379018,1.3325514676651278,-1.4464982035406873,0
445.6805730260036,16.521720443811283,16.06023763052641,2.3921096352739926,-0.09676010318688932,0
492.89697478474733,20.399408915535886,4.629504275305962,0.7034401331388942,-0.2805020534116174,0
303.5602941858622,6.77948985544864,19.737918907765952,0.6596499980823705,0.6636463470328414,0
449.53687327315333,8.284613003861052,16.98196039917352,1.1622595975056669,0.9668071042505444,0
447.9342447499612,16.167490019397786,17.301421987507876,1.4419424019526008,-1.333148008477209,0
187.61225158703735,6.6902369379492725,7.862942589880304,-0.6836342822863877,0.39946937260218507,0
280.5976320418952,14.994812706945659,14.845427845045736,-1.9550487703182828,-2.1045827987653323,0
122.25092669236862,3.7489576484789273,4.545221071193247,0.7224469852209794,1.6370824079927424,0
177.38645617653367,13.032590014983917,3.689181021197667,0.28918367311872534,0.8264033173305246,0
4788.999883768687,1.3192979382440946,390.4486970260173,3.7904720870456297,-1.1557182793143042,1
264.75443365795775,14.23306402048282,16.47104453223638,0.3440539215634665,1.4758791505039655,0
431.06163871189,23.55113017193392,13.190119633026542,-0.732968899123759,-0.041337204809170254,0
176.23782131074665,12.002706049839048,12.97365906714729,2.92727009247333,1.419035611367264,0
251.94963595842125,16.44322343698762,8.582989839166437,0.6979740301300975,-0.8758148246462933,0
2341.1470456293,5.730591336994117,418.7001885344875,3.3280773992122317,-3.7517979609375653,1
273.10893625712913,2.289582655517055,16.87758822461858,-0.020098751769651646,0.40813591277835637,0
170.4507259543956,7.9575527776126505,1.363732395309254,1.959837254744675,0.9316659668680948,0
4112.04115636829,4.7921242255821745,372.2574382145319,-0.7634357677426138,0.12226099423833237,1
51.08587006392011,18.61468442220786,1.6704982936003754,-0.0827150238964932,-0.21578712632821961,0
298.2418534064612,12.44882386513428,16.236134367017726,0.23160747416809183,-0.31093751635109385,0
139.71184292883154,18.506947580445278,1.204538898005949,-0.3787598366030933,-1.3077765651476607,0
4206.7592876164435,1.7116679816452784,141.1103939430875,3.5181212724657804,-3.770690727848123,1
279.13210915262624,6.5673700286585195,7.333577594059628,-0.1585376924164567,0.07904780215027922,0
107.1351906108673,20.49508720693013,18.979613340940027,-1.0299722747769358,1.6079150611191575,0
173.82784376987797,0.6520181094134356,16.6472707932199,-0.23130094292969944,-0.28790607686792025,0
268.02054262623324,2.657294239831576,8.527967136032451,-0.05739536507403601,-0.14685352125530088,0
293.9097753661817,3.707033933359771,2.869389140360401,0.7114105794654951,-0.7202120210067899,0
75.4134375001621,16.146350745899202,16.686495914987972,1.1992995729215856,1.1402505526712048,0
326.84954073708593,23.27823660828458,9.279708348807617,-0.6597486412539658,0.41478446207924113,0
127.1060379382034,11.135560756005297,18.235702247635427,-1.4222296495062072,-1.0237559477078506,0
2800.8308581071556,0.22533641844113728,309.8037763383666,1.2483638761501183,-2.955323583408436,1
406.2238987370073,0.9359043017978781,0.8057103755599693,2.042177910534731,2.560502959355684,0
3867.4346050512086,3.973115314271001,399.3761158937267,3.9703567848848484,-1.3802787860710664,1
147.18330086877046,11.910210069176678,16.28767841338163,-0.9982122585114053,0.6213467399691023,0
41.529299544022436,7.351523970677104,8.029235581780865,1.3784696274615047,0.5510170602262995,0
382.0017095877152,9.882372998028204,8.392547656136207,-0.941022700666379,1.1121006192213385,0
423.1676979178594,12.919966638137122,13.333713037850261,-1.465673857342095,0.0077278931756846435,0
436.4107190454263,16.139051952600692,17.947946366431726,0.5239605120767348,-0.6608342358101458,0
155.5999102649712,21.268698731161788,7.184174939653807,-0.4174303819894322,-1.2843870360725143,0
65.33361620178904,9.341531320602924,18.894147633449634,0.06933716171534797,0.8495845310466172,0
25.836128869999133,18.868935654265393,3.933763946256461,-0.34406395670422657,-1.236478286592349,0
3650.8471668232387,4.856839257692607,203.39444281277142,1.5329654647161477,-1.1500967774109117,1
61.21100813881637,6.224037535610267,15.995667288915667,-2.0744863510163114,-1.8385186232720707,0
264.9558749151948,22.299348480371105,0.12367645281793349,0.8173062037383262,-0.2846255042536789,0
324.7290344591426,1.8446898066279243,8.316371360368219,-0.18414581568320207,1.953107198272574,0
346.5524209562295,3.5346135252501822,11.5308997990228,-0.7780947858327143,-0.13698957769394238,0
21.803259399970425,7.270341735370302,3.98439371674153,-1.5028706086823893,-0.24788011907866303,0
460.0990267411366,1.3674894479368387,1.3607462818333937,-1.2511991366336779,-1.5030468593574806,0
193.19683129899926,17.956413889172314,8.656798421143446,-0.21415031071118876,1.1126343052033019,0
370.32664013105335,4.205322530539856,19.776810826073262,-0.20346114108030489,1.9435288811221971,0
437.2948433510998,7.843072940586657,9.887416220915162,-1.4384111667945592,1.3744849814275593,0
51.52106022123016,7.294713629777371,14.941565342580578,-0.9784995458666064,-0.05111869301537766,0
284.7409258766584,7.484732590005197,4.644493818026863,0.7588244161636093,-0.10435844943808653,0
104.46217588623296,23.35384314989516,19.66681536828453,1.1718101432738448,-1.1419418191613115,0
125.77487347264638,16.03007997128705,16.48700894498699,-3.1704257358780557,-2.0495145161883253,0
103.83852216838807,14.116854406761373,9.333862417688168,-1.387868550455802,-0.8143981874463238,0
232.4261503609634,5.69948536205418,19.51203838313305,-0.36234755754610226,-0.5434204297765169,0
411.82072934872633,8.857272522261997,15.330546324432543,1.229990368438683,-1.770481137776078,0
1835.6009227332752,1.2275616857506548,245.1636198981318,5.903791538520907,-1.204446216501801,1
485.06141731387964,21.64257668510949,18.76362345049445,-2.2660520941492828,-0.057836612377593744,0
317.4136198686451,10.259752510094764,7.209490102831078,0.01934407081175429,0.440059929023145,0
53.34769643316002,19.801185844321488,2.372875314831606,-0.3033500674771342,-0.2811640424645573,0
313.9978079774261,10.984790523823055,15.97311560713273,0.42388948244398605,-0.7377367046848409,0
309.85227815024075,2.460383137595387,7.844355868670803,-1.671169772494065,1.5027343263055881,0
310.4867683689949,9.01125428319601,7.744462824204139,0.03754184148682145,0.14431001943507885,0
481.7951570231026,17.50016370118675,18.81007905758805,1.452755545126183,-1.3223474346832955,0
202.338198747295,13.62545563034531,11.365372325375366,-0.6737901056594764,-0.10346278984692345,0
3316.309997227745,0.41009022868916833,202.52129897166182,3.872585047455759,-2.6790352227643,1
143.58965136184065,16.38281330936166,7.096637110863253,0.2138087939410634,-1.8861287039510262,0
308.40509333479014,1.334532520331055,6.992287976154444,-0.1650805650030461,1.3385921382956067,0
191.7556607367882,18.454146770583385,4.813410295143061,-0.659039274888645,-0.7825913625481332,0
391.4769851038777,8.98915784110995,17.35404195838478,-0.4765514232192414,-1.756868699401502,0
328.98305106916195,5.961030248875205,11.1948932266735,0.5559414516458422,-1.3129685299472729,0
436.56254623388986,1.8140067324976075,3.7283960970794916,1.378467355453808,-0.8679754225283319,0
468.61981768600594,15.880422921596555,12.164227535328934,-0.8935150925192802,0.15140739607201872,0
157.10853263851186,14.990737154748757,3.0904165998103794,-1.506534030190399,0.14197991387400533,0
468.79412240037607,14.975963652695578,4.349058644344719,0.4484854541964401,0.4664445968402613,0
20.63514168869281,13.280908553994525,8.981570282697518,0.29523257504060313,0.8918630221607488,0
309.43141917923896,22.451628324659897,16.410150084642183,-0.38787578186246957,0.5446245744993387,0
355.0831239851323,12.511105143699336,3.9726322772373823,-0.20866837122046583,0.13965167421589658,0
180.72317138680896,0.7206241279054275,4.952632861428774,0.34992371524939253,0.7147317275176998,0
187.05265069603035,1.4945545411652548,11.47899732138021,1.481960768436536,-0.3028852437989931,0
261.8642641150046,5.300466791112214,0.19821390982307285,-0.6286543050745702,0.30613455310275534,0
345.5034325389026,9.795640580800754,14.562328746723328,1.2551457883749038,-1.039220163990766,0
7.292851387278415,18.79676191916702,15.29301900769747,-1.1983921249520453,-2.2746210312061996,0
487.92704942565786,20.117530105963212,5.878335210098675,-0.305444702441682,1.1381503309676184,0
331.1673512455249,3.9779947156837423,19.22833239284099,-2.2494324542007638,-0.06723030719613125,0
207.65876783466402,3.9047938514055813,15.042286653939495,0.8761739316930753,-1.9465252863588642,0
76.72296168515543,3.978588963918618,19.49381192097103,0.04556388114189831,0.3973970234592343,0
409.8037382791878,13.120696369731125,17.01705514644191,-0.2589387965783906,-1.4766572235180533,0
345.62667951283834,4.163905208520529,13.003743328913068,0.9102157836647453,1.6000978468204783,0
364.2311566522382,10.896038908706757,15.669391200985354,-0.14152963733784743,-0.8905688105910143,0
42.68477544769859,6.631658603180487,7.032997446838108,0.7070323596107849,-1.0757366484416113,0
399.2859590332073,15.12593326694779,3.951118113569565,-0.045254301964336476,1.1037200137225964,0
412.12787899900866,20.635072195479495,14.540370540282678,1.9529173824895107,0.7775960617922721,0
256.74249212652785,5.989108796388146,5.0233853509680255,1.311693449272661,-1.3700266273644293,0
92.68914577645603,17.193530686994375,11.64140262248447,0.8336032048373484,1.465210503481381,0
224.65635855576272,3.755441184086414,18.19860316319437,-1.5444338482482443,-0.3952835480161807,0
42.55234741378864,11.601778463355519,19.195820408097003,-0.017006074483830996,-1.4023692834238248,0
191.06470114715583,0.5993198908091903,16.727571548207987,0.9671781224389495,-0.7532037815909708,0
285.03732217791656,9.68642405667819,7.265107033516205,1.359189494164025,1.3491351051134295,0
447.9395384616862,17.655914741740556,18.769643164283092,-0.966156723370417,-0.6191229482499316,0
123.58313588015135,11.632710891121128,16.698944113888075,0.6266136372630708,1.1568337810369889,0
414.0964457233321,7.043731756994919,19.26959894948655,-0.3732682459413141,1.67286820189853,0
4326.3443145730635,0.020327087895834817,314.40279746740924,5.796072795617638,-3.681701019136883,1
333.43337570848763,21.747438114378394,8.169111628169652,-0.4841184945848177,0.18780033804252202,0
279.7670499046317,0.7786427051324871,15.096549167246625,-0.9028089269627998,0.8823970897899802,0
431.75317054639805,16.450653197325636,11.9485848514684,-0.9399678291500665,0.17648418366295282,0
54.093159295671875,5.1527012991205305,4.657582923036301,-1.941858659379406,-0.08837328752639602,0
302.5519308128884,7.846358792113898,1.0069905393870648,0.6577631761503737,-0.4377373224043246,0
354.2597103952658,5.383043598841081,15.388851588431136,1.1955313880867093,2.2887906608802893,0
3867.783602943844,3.3304956086259065,213.8687685970725,1.0064885441648275,-3.6330401157145134,1
437.4701715222377,4.685774470955809,12.50866900333187,-1.0455294856740531,-0.605679999935798,0
214.98989457725327,14.70176324027566,6.7861053461913485,0.7899197221808523,0.032143146964560894,0
161.87639255235743,19.823477104993962,11.123813852600232,-0.4068852445043747,0.33776609905460137,0
395.9007610355272,8.502511853213175,4.994883584587104,0.03437530902646009,-1.615846470966832,0
150.10812647920156,1.7539574886483598,10.110415834469805,0.23962751823899794,-0.8246120097650219,0
215.9112750257339,8.42926529637074,15.900230738569407,-2.4878220575623313,1.8325612403560125,0
119.38202431109534,1.1994966878322897,5.4111851297598275,-0.5864151488887734,-0.7749628240639848,0
291.3015239181725,5.069563955350344,7.4408713562441475,0.738237230816162,2.209855665748464,0
364.5985489809374,2.849018292218675,2.9322911431968457,0.8425138964550043,-0.6335895154938127,0
244.83887766955556,8.609172610008322,14.573125684732053,-0.06963345330010817,0.03263883669087142,0
309.84579853584717,12.514696537046147,12.995760935285992,0.5309756619640905,-0.9221889054316275,0
159.3489858772035,4.446488529199769,4.657171137521885,2.291911266818686,-0.4805744132024745,0
74.3415875420794,8.456998718631706,15.307267277160815,0.6719446078144975,0.8642483846986365,0
463.9530206423291,5.580143812987949,11.922852990997939,-0.8021994080351792,-0.3266137806612126,0
83.97461665602823,3.8727072253292087,18.492835822572733,0.26859358104429787,1.438169201145702,0
104.91745880085944,14.331727343767245,0.7680175465268912,1.2445651603552557,-0.27595145169613816,0
454.5916135534936,10.999215396687756,0.4741550728903676,-0.24861585376667736,-0.01622311759594124,0
26.364156415535177,16.619827840061408,3.028646287399266,-1.0084487325473497,-1.349925637861273,0
14.935242899974552,15.804972376081317,17.486146682741612,-0.5741006752835983,0.7663884765723994,0
3419.361217564944,3.7587831315243356,181.07263501508163,2.49070476500102,2.7366569245664474,1
319.9642202197278,0.25946600724471214,18.29669899993756,-0.5151708990920177,0.8066764021643629,0
262.4809330504367,6.485944611138798,15.688109464255946,0.7290636450023644,-1.332448347894566,0
421.2314318158317,9.410245845709746,8.78261321609701,0.05674168329681941,-0.2526248688026368,0
318.5717188139429,10.288848503674407,14.845844629738941,-0.7712002995492906,-1.3756340887863618,0
475.45368461789656,16.93406070345179,6.9096170744689145,0.19259691873130513,-0.6332727047102726,0
383.36446779975927,17.185199357811467,13.415300508860714,1.2121292042334861,0.641541644936012,0
490.6871581235746,14.640178009907657,17.959104323700384,0.04600638673634095,0.029796165121424436,0
306.73434532004893,1.624040685600038,13.234373652879132,-1.3927354721669964,-1.5794362987175987,0
222.55828587329052,5.249035207765997,6.204705674894095,-1.162065820256283,-1.1574157902154336,0
3090.7368739904196,5.066557998720521,300.99414159412777,3.6155749151803382,-2.101169837832773,1
255.0999243616893,12.304025422953995,2.510995797969542,-1.027403551526011,-2.350455852624361,0
212.2914098215762,2.4432883907888856,17.228913720426483,0.9760407193559466,1.3111622966036165,0
256.6384707235586,13.598526213731112,3.3300709409903018,0.06450597286257172,0.781497239460632,0
287.53526081111136,12.014982433690028,10.97176830109377,-1.1301787294846835,0.6869566320986773,0
427.9206212179417,17.36264789651789,0.4201831397272149,0.3603687159048611,-0.2904414820111494,0
293.767538723094,11.664011851142472,7.745488228496827,0.3090474430326539,0.25675079866178757,0
24.854049749178827,15.154054109241034,2.6257594400964845,-0.5653929702854015,1.391920887679919,0
409.52498909960184,2.531368798959134,1.907218425460071,-0.7961368031864954,1.431152117761741,0
330.9336581559206,8.316580030865238,14.832545749037777,1.5681824295273261,-0.9807880084135592,0
212.76502187843053,17.585603394867963,18.603304057251002,-0.4479613384499751,2.721912147906493,0
254.19154907315416,20.32725250096945,7.642789496651385,-1.0736886589177526,1.3465716626102961,0
153.93476335930097,2.7544529248612193,7.862078151188021,1.3890243629627617,-0.17749188377428318,0
470.2169011886702,8.848972100755084,0.40275697898579654,-0.5385736732966242,0.741073780682286,0
209.706805255049,16.977528000790265,19.33116878761088,-1.4268265767813424,-0.18969349345240752,0
386.60154085418185,20.520724838878444,3.7424854082100345,0.4506130494313883,0.39537368118566585,0
449.0695786765257,15.229978021207291,7.891446306378476,1.2725701629285695,-0.6078238926156243,0
398.7477305909159,7.185200968928359,1.2818942207235096,0.0348075404998322,0.785345603010283,0
56.533748082364056,19.035428975921747,5.965449084682454,1.6845248346034518,-0.03914402696834188,0
398.91737137087,12.30371407548127,4.525448600063724,-3.1767038131960006,-0.5497893596380333,0
183.29436749857513,13.450575143530559,18.577190996911312,0.26426827164563654,0.46643128741231693,0
388.44372141570506,4.457593728124455,15.200698036063478,1.306072203871629,0.4494335159472622,0
56.046315073786644,19.262056309915508,16.999186610064108,-0.3918767653868664,-0.9489528277686782,0
162.4117201110726,22.483739088794202,15.665959659120954,-0.8873294588557712,-0.3686193657856996,0
225.72183965649043,0.21729987792890348,16.95095266109473,0.2987977803217619,-0.6374874348250117,0
85.00621347683382,3.790915748048352,15.20321859580318,0.6662696720435232,0.9126203225404405,0
57.76355000245541,16.616614139065394,11.153773823709054,0.034887947089408566,-1.4162688593406074,0
212.3680975047512,18.8445490355618,19.04773504797449,-0.497961846817842,1.2863821369955335,0
216.9511534170706,11.022364732157133,6.605693350041689,0.1386451837100845,0.5529052285994815,0
338.3490544958341,15.699185688668969,7.365002147902661,2.2314989110277486,-0.3617238360933866,0
124.39472151177303,4.097000719499524,12.207521195633841,0.3018733807210118,-1.5198927996189848,0
3939.1052938357107,3.921617715211359,227.5830814577144,5.8894287822830895,-4.955462872027102,1
111.9389003422518,6.856981623861368,6.456195868957007,0.12918747333171046,0.8187659708488161,0
345.9982245147949,9.588450830086435,4.707665237967151,2.0578111770977623,-0.31667954593424946,0
341.6696820213487,6.899079957534003,13.475124595681795,1.1282397832688376,-1.1541633847795414,0
260.2613167097664,19.737149068448502,4.833178416383703,0.8715243860879341,0.15060249284463378,0
7.44529056253276,19.27204972698809,11.66614496368409,0.6723893376113824,-0.05883285413152221,0
368.8601666829235,3.3605783412796244,2.6641984827325738,0.6324542166423008,0.6844504776364279,0
59.319418345364234,14.763099372988796,5.501977631182489,-1.0034389034995035,0.43594762971547235,0
106.54412203859354,22.019660235167766,7.667942821165179,-0.5395912207371316,0.7191686663554372,0
360.2108940007972,10.16004345967674,17.26863155578769,-0.040333910214043756,0.5805676870356148,0
425.36558819461806,21.17799284177613,4.599875079264811,0.11179915820338826,-0.2252626424913536,0
164.42918696367326,18.38678238709407,16.612455208635826,0.5364138998913434,-0.4138949422748569,0
475.6035816729085,0.12551072502990568,18.76631457302632,-1.3525086894407223,-0.8140106692915557,0
465.20033790957365,21.754498880265864,0.12758086813181357,1.44194500580189,-0.7615878650362199,0
81.40954406073014,6.822578230260401,5.226660357707676,-0.8464343014589786,-0.8774840221556317,0
2655.6832655357616,1.5932651088194483,137.8285767680028,4.744501454557956,-1.810531228119501,1
334.19315390039645,5.769573909444166,8.88366813756733,0.11088638282841785,0.12645921906069005,0
392.103903396841,7.258068270684873,10.896021705521967,-1.4776124069194447,-1.2931222504049704,0
202.66137832560753,6.155113464402383,4.219397812399008,1.0899049590908303,-1.5530352778398206,0
233.47094983779598,2.506908434403633,15.179536637080613,1.267960487103089,0.9443852228353897,0
106.89139896820028,17.345706053731313,18.95372354128559,0.505735432472799,0.5770721838351396,0
434.79428385406305,11.141724473741398,3.6131508262260636,-0.9013756798971745,-1.9227717720623363,0
139.94888036309922,10.615051330827246,6.0643956768850105,-0.8907488635522636,1.360168130828013,0
70.69429825131488,21.930922652958223,1.0548790432443478,-2.5065715705367166,-0.5969935884209324,0
91.18412099037175,6.758785010535162,8.980755207399234,-0.06844649266641564,-1.0777207457916016,0
493.38659135808183,1.7041839487981312,7.918744523918997,-0.20562785364324765,-0.5650604735511925,0
34.832358193332624,18.344481274474255,5.6510053503727775,0.24945094593007222,1.3106059128134633,0
426.3474224541405,10.368454262268145,18.19096946024277,2.084712921231016,-0.43145564455988483,0
497.4588269990347,2.08841323926693,15.51754508939386,-1.6413801156020968,-0.15974849799158664,0
104.25973971666667,22.47073491525424,8.754336498670828,0.5704211733607956,1.5199520059142992,0
274.7883248539845,6.9106882242238195,11.575129527199985,0.6832124040010689,-0.08633785824672688,0
177.04790449829613,19.15903673302048,1.7715667927328815,-0.547407522766873,1.5019529651885957,0
38.74529314581932,15.473885965843646,6.675531941395956,-0.14945569316498877,2.6366691419455885,0
128.1135649308768,1.7785301417968098,1.2758911250719573,1.0815140862997412,-0.3198262778887562,0
122.42726190931727,1.7496440488296843,2.7043462742570945,0.016025282295160426,0.11712421614985134,0
329.9569106290938,11.303046058433605,1.1400477510386797,0.08409438825019651,0.7882916566360036,0
248.33930063701126,1.5361523186069022,5.535082639026172,-0.33143137128150285,-2.1357998487348056,0
477.8906698194445,2.6782319989739394,12.926198673147626,-1.081914368713133,-0.7841638583598328,0
483.0819697708439,3.389365040955587,10.374956942294189,-0.5522612521126086,-2.3960822883304163,0
90.78068843506865,6.756508761958319,8.131810747189444,-0.8744356483399182,-0.08106710543541713,0
395.63976311063243,9.770555739015062,6.683854283462198,0.7466113646021572,-1.2715485208922839,0
74.12737110437489,21.369828413263882,10.092745759548698,1.6734418856229851,0.2177182010871666,0
220.61374083240185,16.774771883697255,6.8605342518004875,0.48630999335022157,0.3990441406465261,0
342.343847500845,1.5045509189247808,18.82948475012131,0.06233134961912296,0.3537706308913895,0
484.8590995559673,20.519376469475382,2.673913087988724,0.6722934080404022,0.10798392072522883,0
282.02609832602246,7.4353650077392555,16.74945039237549,0.4573242810867655,-0.2151138001704899,0
367.6231881190739,21.42139745967539,4.695088434499426,-0.3733684250030844,-0.39343789627455045,0
374.99811437620946,22.978752456914307,1.9393134193084949,-0.014270352949388505,-1.127263792554147,0
258.2803338472547,7.070865512308636,9.50179745733536,0.392634115650968,0.5009173290858575,0
358.47303140555175,20.61034270438733,7.335966412925368,-2.304211935943967,1.5758758095019694,0
87.68574441097019,10.403333586135226,6.089808487080608,-0.07022036151761657,-0.8335982829664064,0
294.7504103763923,8.869780786242556,17.390673436299593,1.6713475754374763,1.639256516741752,0
460.819684668765,18.89728864205599,6.688850542362081,-0.017894977008350053,-0.9972282874387761,0
4894.172492903919,5.250207187471551,185.4309720014026,2.3456054517299565,1.5184362428446612,1
344.35481717834085,10.621092355553895,8.724920527143148,-0.19578527096858134,1.0835831031099956,0
311.6477212747592,19.809975938974752,9.354412319423018,1.1526481032616924,1.3304323443788164,0
94.58359159119743,0.23949063980278495,11.30831879505076,0.20832250862559215,-0.20435572664564833,0
271.88483195425096,14.08647615741377,10.209202626928827,-0.5871152706201476,-1.4846047919196528,0
250.99692403838597,10.046574598039918,6.338082754412495,-1.5325182768296637,0.995693754370362,0
245.90112600522792,8.09295781357805,13.52796737820012,-1.381591718463581,0.054051662846000936,0
1216.7736680725632,4.076360928674556,56.914812830625486,0.41661459906372134,-0.8021499903341147,1
2357.433827369571,5.773749250035521,362.1910641570839,3.091178058751954,-1.6217077186485698,1
313.67491556136605,8.223483516540517,19.06614335164745,0.6833245115160919,0.9459295852703784,0
444.0278256035884,9.65775022318348,12.512998258829063,-1.1694806292030167,3.377382919082646,0
436.701334927355,12.45677472310917,12.904371516893278,-0.16912268564281638,0.29787619102384516,0
445.811003966248,11.70306743201306,19.564413370531167,0.12347980916459421,-0.5551092279283498,0
472.3093731448736,17.50427505811191,0.2645762581058797,0.6376058122312086,-0.22694246613792435,0
116.18472786270671,13.869386704658119,0.980092899425471,-0.04512289032405165,-0.9648933001863843,0
71.33753808306716,10.65704998085287,4.409752788294985,0.7093525144553172,0.09452756758846836,0
132.66189938724523,21.32781792636957,9.43479675036878,-0.4463205152343449,1.2434691283459636,0
463.66087445493974,18.97223506259724,16.78293216141505,1.0371588986582432,1.0022361667029254,0
81.17847363822825,1.2440591788734965,10.933545297946235,0.037696573123922904,-0.49898725597911187,0
199.284310421309,22.250655092602255,9.495380120873024,0.6264346724539442,-1.0296962396330605,0
155.1211980459598,5.236980829252134,12.92814750456178,-0.08708472614314992,0.41870457829236835,0
466.35391222745864,14.102060906625645,16.78199397599223,0.04782531978468294,1.3643262441708666,0
419.9727088320132,6.941874527343709,16.193500725317787,2.2770864980533045,-2.0323537642983847,0
315.6152042930932,19.369701692800874,17.749378804257645,0.775115121589086,-1.3479957843671688,0
477.2552584930676,13.289075648592268,8.851546918656307,0.4990958161377494,-0.4289807173724197,0
27.64230673719386,4.524974537982027,1.3688141848525226,1.7110288091907877,1.4469441463869799,0
90.8946349183218,17.799394844065013,15.324909455207578,1.5914003677628041,0.3590550934803667,0
453.7036949274507,10.385499264472912,13.377530620813706,0.8193732681394064,1.3663894118544384,0
408.89373478946555,21.82020633728606,13.50461675124075,-1.03799135498923,-1.0561115691870866,0
230.09622853876024,14.891370841247294,13.294784098216926,-0.9667018907026598,-0.19360951103550808,0
294.2355844019346,7.652803639707332,11.047322756344686,0.5648423586001226,0.1802948805034444,0
246.4877517435494,12.253938179029436,14.718408127478977,-1.3452096708086025,-1.0359619286066395,0
249.42882020037342,15.766923750411348,16.48943035209098,0.15808922532318442,0.38142561753434195,0
350.2230322871858,7.807083216552747,5.683685914234575,-0.7459421264756013,-0.4283182577977557,0
12.199609505601554,13.665056668374786,10.468027418440165,-1.3410647133015687,-0.34214865112723886,0
10.752167254509814,1.3482258563385363,14.742648279132782,0.10720796204013365,0.8931883472072516,0
375.0666431872443,18.763772720278453,4.279893573966271,0.750872779401332,0.034271814200222225,0
223.17755973442294,10.744162209850039,16.574179676360128,-0.927553330811728,1.3592975993648058,0
47.400833550233116,4.719686038871009,7.8895878167771505,0.23304295152948393,1.6529130512304218,0
33.791078775210515,8.81737748872969,2.124276551769124,-0.8935950137191204,-0.8888596980356747,0
165.66998580063378,0.8082336929871365,9.207107462696538,1.5904035685736386,0.14159578673988282,0
428.56975171261143,23.547449563003724,7.143846679860896,0.1616985267047529,-0.6417271436521294,0
322.7758927194167,12.862441892450837,6.8413886931511065,-0.8954279609250417,0.7230379395798638,0
37.35138869547647,22.85332285674227,0.7962287889150765,-1.2324312391640002,-1.5138305012448536,0
55.22841371868589,20.572302167970072,7.221494526820744,1.4069347458917507,-0.8097248357672839,0
189.14895246742768,4.967821882522243,9.999179839295769,-0.5694497744921104,0.8900577324754597,0
13.964540991316051,23.12398178130212,8.54933056333378,1.3227444668851356,0.7474449714270559,0
189.7881115584777,1.8297412313655474,7.259656808077432,-1.2422465335492292,-1.7176721483633963,0
217.35204355063408,0.8813127000197074,5.690827713538676,-1.1200474224698722,1.5723982102703271,0
382.41704944164184,3.2784216876281427,5.123830288787099,1.092106783982426,1.8978872926587056,0
218.87805705737702,19.617788335346624,16.389913707721046,-0.11366668908143539,-0.010352289907736689,0
389.41544213191213,22.098398603120575,11.834339377848009,-0.9925780067288229,0.08939527893161327,0
162.95473425541155,18.101958232369938,6.20616964209095,-0.1792510253569118,0.2023833705986952,0
258.5498508022739,18.60585724403878,1.3211061564432014,0.5055578532150077,-0.07083684791609023,0
109.6667634632896,20.30211455226557,4.493147952835333,1.0338810549242086,0.46079724361596747,0
203.7396863513377,1.6136203221734675,3.135208573032786,-0.0038041336707993834,2.2106897260157643,0
315.81069279799937,10.759657328866133,13.40868667593835,-0.03989438375171192,0.8728170831783344,0
53.550877488201074,1.2058322357515712,5.271029589935557,-0.15783750984025996,0.7907593122325293,0
45.9853406229376,20.802488508144005,9.664641517508702,-0.03658997434293117,-0.7596730177525534,0
295.3711892718597,0.4594768319240803,7.690316274125331,0.5764513451224227,1.5973972932216232,0
421.7052444953447,23.137881995762598,8.593467267102959,-1.0733280322228955,-1.934087745459577,0
335.97839386259335,10.78439380895141,11.40573877462781,0.3675104105406022,-0.6518885825313808,0
17.582467738327118,1.3693133076301036,10.805930635806146,0.4217800742508709,-0.06644897530945597,0
214.9446822946811,18.483797082170305,15.025578487475338,-0.2573000006177896,-1.743672602396536,0
111.52492664853257,9.548776872418252,7.701161114379234,-0.3578279334412669,-0.5442961463142919,0
44.31258764954837,21.266242447516994,9.15800590254143,0.08747375368073924,-0.8351245039722351,0
197.65483097341075,2.090226403098516,11.711274575866037,-0.49653173548196905,-0.9103243419282839,0
158.21617006173224,9.831093477485568,15.10267234890392,-1.795643172630015,0.42243497290143983,0
120.63583676970542,3.912848086358184,2.645374301969634,-0.5330904020158331,-0.3059544315315921,0
384.7582030209078,17.495545479739594,2.920420385939251,0.07557637267003782,-0.9096897884083344,0
132.65440428943515,0.7000743274863472,3.3562919129205726,-1.7739696161121294,-0.47364545765119104,0
322.3680782782222,12.380685665095875,12.912051541168232,0.07896404566808451,-0.7243025342076668,0
322.80566484637245,21.962161641769036,11.439917565671855,-0.9928660010855455,-1.2894805872096875,0
471.740303436697,14.604654544715197,6.144328340425417,-0.6792306531929551,-0.6856749175901302,0
266.8238813434699,16.733025165831283,7.6323299821827,0.40662203422267407,0.4753349254274913,0
65.40892624816553,1.4052223018555008,10.631443053734625,-1.040193719815898,-1.8996702808588812,0
286.1328891235516,20.362209098172592,16.392497390952897,0.6265383633369425,-0.9116173021539026,0
398.431595253116,3.8936017387795046,13.42541650458265,-1.1889634195349619,-1.5681443134200506,0
14.025128424799007,8.650243851395667,19.24116997882703,1.0941795475214755,0.5422030069090485,0
359.5800770910277,23.07581578977869,7.105679484738452,-0.9291363405097582,0.6436687530224908,0
408.1618988815232,15.218496753031951,6.538820486733505,-0.6813802350695739,0.8241028968557058,0
146.83791980350077,18.922736238079167,16.98892812451471,-2.0903028988531567,-1.7554378973107099,0
337.89663575813404,10.123876284931953,13.786208242053807,1.3511140899867151,-0.0023689161328080566,0
481.74198023664104,8.932158125925532,11.386099688244041,-0.29882008902920415,0.435546318992364,0
209.2457500711561,6.736397172383383,17.45718843131329,-1.2192844665221938,-0.45389141615312834,0
95.03064177757669,18.28315659306473,12.911443628548561,-1.3919583809517313,0.9458881565546393,0
179.05323018361904,18.29526298802304,8.099371747523769,2.492183998600687,-1.2565653359454354,0
170.88383285827524,14.377070091609157,5.838223469956145,0.007362681423567135,0.9724439979180102,0
308.6386376593003,1.2400493197910665,6.8585932551839175,-0.6443402670219842,1.2288565502005595,0
335.76533528473306,23.907784163970693,2.688668547391,0.17146931759039094,-0.5491589417637764,0
341.15564797652235,9.78103274477834,15.98315942209564,-0.21138422981796898,-0.09287450139305273,0
350.2483735262954,6.444810145622576,8.03752542473479,-0.1309258051261265,-1.5255717080610838,0
454.97109772949227,13.456279078534799,2.607062600865311,-0.6977189038982449,-1.7240618108680354,0
299.0947040993069,3.840598475116657,11.612904518192682,-0.05790774987690872,0.2573731064173494,0
92.8272408875049,12.75491794054333,16.257019430735156,-0.5125887969785088,-0.18919018127507997,0
144.06258229525346,13.724934509452478,2.1174863642625863,0.7918593103880676,-1.2077593925433523,0
68.40739445126901,15.885927183288278,11.755968987433697,0.6909109573921928,0.9140771642240336,0
95.00335876751481,10.766655142909022,5.057162365002224,-0.17791787580439816,0.364561477355457,0
481.68104191020234,17.67684548003502,19.545676463538587,-0.9511843703879561,1.1892264612557852,0
213.57171612714973,20.556893369950245,6.2740624951431245,0.03149156226199577,2.1112963340995843,0
142.30368557566067,10.33270412309298,11.317011206264933,-0.11480224875906367,-1.2444864498888657,0
144.51811351283297,1.7023731872105623,6.114879148945822,0.9678260240252041,-0.16414941272177394,0
279.8244017417339,15.762722513383057,9.001172788524505,-0.9500634974661272,-0.26003625018044474,0
373.2534148234751,16.267516807441062,0.9844182908152321,0.417465089821295,-1.339489366528659,0
166.07285058883753,10.567762040840375,17.721722176270326,2.3883719928704386,1.0895365830766406,0
295.18376684831463,14.283160197736358,4.136357862667925,0.45668801073039916,0.03344346797315094,0
195.24169034404244,20.135935865232256,12.01890969075438,-0.6681430483277668,-2.245585897565163,0
18.412516289224328,10.692999329805382,13.583251366391256,0.6087355891244169,-0.08259257535129046,0
353.3106403931117,4.447924308689147,6.47060824970983,-0.758765257935375,0.3319184477078873,0
446.581921025416,17.390358884343094,16.43678645505805,-0.0919684662030466,0.2625028908518338,0
366.7794002258039,7.520350022043435,0.4512902341069447,-1.198951397993876,0.6872384503952884,0
381.34346244545685,14.325856573119747,5.149584329849386,-1.6942558959950778,0.2637555848225758,0
263.51041372712814,10.72933305135421,9.30673867878972,-1.2640061679473638,-1.079532852166039,0
35.834440074381035,6.317936316432268,0.6875371670345043,-0.3278064598765229,0.8852563208659603,0
94.3847958380301,17.805511847009164,18.18404272412974,0.5045818144773903,0.7820273875741276,0
56.94043831699656,4.4555209176298325,10.360208627521958,-1.3028447635247453,-0.7424867777695996,0
269.9785150690329,18.46677345796913,5.200960805048678,-0.5696989629257314,0.4672522151827898,0
186.39845976134194,21.100458542429944,14.193426870090489,-0.5691481986725339,0.4752586047173115,0
248.8494266239753,2.893401993688566,13.16204436112984,-1.3892987302109903,1.693547133413672,0
2109.382473150101,4.072655901122573,272.31929012108,5.425567386782523,-3.1270182044050556,1
261.8248382774057,7.1952126615656615,6.338852435345627,-0.26030904127143756,0.5637878750069146,0
9.619151814411182,13.844577147184806,10.01239064667862,-0.02439856723615665,0.15165727214501756,0
150.3279629109242,7.8024963703607755,16.937744488579057,0.796701927070742,0.7026599984993058,0
50.33312629668391,21.021194004409367,6.4080257228042985,-1.2756826599957316,-1.8357687561770901,0
46.64928267254917,12.792692813907358,16.108646585999725,-1.4452052644122255,0.05844948070564989,0
317.99138614382184,12.30006357048796,7.857902177863581,-0.28321803894523256,1.3460997945142577,0
275.61521929346463,9.645292797377522,4.765793411061832,1.336657357758983,-1.7157083186381294,0
86.00969171852373,9.30357133093553,3.6157030112475907,0.957932055215684,1.3098651694335341,0
451.7636888063855,13.72916744086322,3.924914334123313,-1.017764309076953,-0.906902874722061,0
171.61911770599067,17.9674856190288,5.76369051919059,0.14945608966330953,0.10264552853966442,0
261.9454836424279,1.6141419352168285,15.670030051758177,-1.1140813582330875,-1.487861703490623,0
124.14289235708995,5.098734652691351,5.48425778248294,0.07567354061338613,-1.349605255711928,0
46.972047942672596,0.7224929330716545,9.557347098262717,0.678728069279419,0.9982176559717297,0
133.57812296136146,15.174771687303355,18.384160621074503,0.36681404328544226,-2.049474485669681,0
297.0092549930434,4.831490587738398,13.330439533860698,-0.20487666386471723,0.5374787046064285,0
33.25799376421085,0.20072836504457037,15.12384468213561,0.4060561224280809,-0.39828303354254857,0
152.18775864941264,17.10291199436431,5.77937049842117,-0.6615414425152919,-0.010465129052729338,0
239.73603724544458,21.6465647219796,3.1975952673288277,-0.6116337366945591,0.539764512828342,0
60.4002116018753,15.76150763331859,4.375434168217593,-0.08670113614820872,-0.17802329006383844,0
367.87029153468904,15.809223329448532,6.189251528923647,0.8092646982419858,1.0274793433526916,0
72.5376775155829,14.228164332194645,10.22187642944796,-0.33303761905376167,-0.8407718898986251,0
497.47937220998546,13.72190359544997,18.521191196365308,0.41875996012749656,-0.6673333812164803,0
9.552540550231676,7.60228024962064,5.3634873548982664,-0.1286594463520559,-1.7016658582874162,0
482.9878563719069,16.235230493432695,9.182480465733619,0.7424589135926203,0.1351903409873859,0
79.20912653764302,6.8978303151739135,6.251960498166003,0.7833587105240313,0.3596808476863211,0
475.1509570795024,23.712863187734204,16.573058122365786,-0.7342333219710379,-0.8596135138784541,0
310.8343838996009,10.196420228834086,19.33412280036921,0.025385277972271716,-0.3075714171157992,0
399.9177561850241,2.121238727628449,18.798487457714177,0.23985774584929662,-0.5820613340930124,0
4368.779525760046,5.2964524572424825,128.0179205408787,2.9820039830584144,-0.33841835602632697,1
121.84497935649966,1.6073666886065165,6.64345044123465,-0.22771961483575284,0.11397066812777235,0
358.05616967538253,3.8137960240644855,10.625880367018638,0.19624094066672046,-0.9066485451542928,0
317.62230894579767,0.4349769850975136,9.371139891822693,-1.793921113191963,0.6072890151016929,0
448.6862301679543,14.936238350813905,10.155156763771377,0.7330542814659985,-1.0588001482478198,0
178.5408416092655,14.895851515790017,4.5354525063929145,0.7436517755401733,0.19507692542260213,0
122.58394583731943,16.527159103389014,15.381222663194485,-0.38654161589775976,1.1665283362210033,0
118.47944064015753,8.82686370614767,8.213652660205657,-1.4704895512312506,1.1870776787417554,0
477.19464561628075,12.979050119653065,5.788790432389758,0.49580502102757085,1.796665201675017,0
110.1078597857467,8.839428732164361,12.279406126504654,-0.9355962987624259,0.3314708963308953,0
349.5072320163805,7.3140262892672,6.819171428711166,-0.24775241823970925,0.4608248654038653,0
88.62285622072145,19.860454130551275,2.465675585978937,1.0287689914234805,0.7851850823103762,0
92.8325741709628,7.952328170473218,11.569850164586601,1.6095206657759729,-1.1321491407160067,0
56.76108096552812,21.031666395415478,5.248167529786039,-0.2581751380314344,-1.4089191026905248,0
163.78613216100925,4.832730771263385,6.128656454067432,-0.6416668201303823,1.4751123643098556,0
11.48175601122515,8.776337958272912,18.914994044518604,-1.0538354953643456,0.6882053064528827,0
307.8671828875778,16.694835515923366,7.016382186700312,-0.4877053729487446,-1.1370328831474874,0
298.8282645092541,1.8635840321185215,3.6178380275779665,-0.12428577716243629,0.012169682282905197,0
222.50546989875383,18.16915475276701,6.534777811372672,-0.14365952989711814,-0.17387382031458634,0
305.9130209327551,5.795915646164828,17.748490707407207,1.1400678464951604,0.7728478385437232,0
311.2126322165162,15.76214552338937,9.007007715615856,-0.8758424064951101,0.8552015077482625,0
402.4978194271684,20.74639792484074,8.791258835457974,-1.9655558914765052,0.3137231828969071,0
228.95756048568325,11.371435881550719,6.241280893040413,-0.2549469704035893,1.6875480552367936,0
242.56972318497614,2.5294372345873253,6.72646788540667,-0.0799084526625497,-0.48401712362208477,0
347.75589490556297,2.0295690743337085,2.7890047241032034,0.7453607240778758,1.209230647223938,0
392.9769333202716,13.631383135585931,5.844979134787758,-1.4338058239284144,1.0326575166220122,0
72.50388041545104,14.961742995826562,15.27384538700641,-0.33524408186802673,0.49888319476821275,0
4554.335732174437,4.630832810869408,52.61169597932349,2.7029103551716402,-0.6414235992539519,1
287.9482812876004,1.7226193494363127,0.5039818964213927,-0.3689394390314622,0.13807840841754684,0
28.248153553652248,0.9343191198160188,15.560926129663983,-0.27751361886023346,-0.23105953684089858,0
124.71688399572358,9.130080180181496,17.413769109148788,-0.4829098394605177,0.2691809202551599,0
332.3784524798551,17.73760742254494,17.393917697032677,-0.8105286298216263,0.6122698101053926,0
134.82070192841343,11.432057599226372,16.550473879076343,1.6367399618306397,1.9723444790822,0
243.16435041813466,3.2118807119926354,8.381989458341705,0.9256722095027217,-1.407087194784017,0
432.3501565380535,13.840857572586152,0.5421330467246621,-1.1702807063967748,-0.485678744575047,0
57.30401870956324,4.388106716851611,3.6352719552238844,1.5821167513035672,-1.980836470922634,0
308.640521988216,16.51858165872569,5.541384994267993,1.598321807641033,-2.1098382406256415,0
211.70248401353953,16.91690424104116,16.018774430828607,1.6435415091205292,-0.5587958188849573,0
266.21204899771845,16.151198937466376,12.036134678908946,-1.4720370730267915,-1.3472539175813492,0
493.9538325063692,13.996579302650343,12.96595054597603,-0.09511164770076601,0.23817130613962828,0
23.092085584806966,11.279718435790478,16.728843849397393,-1.6320148850264173,-0.08308932774318312,0
274.05866625142437,12.009627497044828,12.987576404732447,-1.5587869950238415,-2.651828063044949,0
426.3126524008442,17.08833648793874,16.465464253600604,-0.23591652931212392,-0.7494159869569733,0
74.04946102276071,0.07723832650268836,7.251195931181891,1.0743330047702437,-0.8218148284213459,0
341.7129800034892,23.036707265122928,1.5943014637456998,1.4444121950550874,0.5198710181019115,0
63.8148685526956,3.411290971042984,8.014083336689332,0.5030903686237468,0.8985117045515645,0
55.74231535538623,16.827350266019366,11.013209184731284,-0.5641961798604865,0.662536033398613,0
400.1561135885537,6.70262612290585,8.581247386053318,-0.024232833869692147,0.03047641392062887,0
194.65357148350125,12.14298978563836,17.32071350091513,1.399486426972343,0.8640699821389469,0
114.28095833043639,21.059281119707567,4.23491724104839,-0.4257556046515905,-1.0800026083821321,0
402.72306054050006,6.643543386991339,12.64792512931017,-0.47417817510396487,-0.4211988166129132,0
369.5398966342378,19.37173289675718,17.93990578728822,1.0821123129931407,0.15682301609819319,0
353.8169775546401,18.209167707934096,13.226853578894488,-1.580603940809169,-0.07782143613647309,0
8.74362311418035,13.5883365894017,9.056496105686536,-0.861309579697108,0.0022316221624020006,0
219.75656637279664,23.890500388591438,16.63036666224447,-0.1416485860101269,-1.4924622700059929,0
411.52236581264634,7.5750562503204,17.18223515293833,0.7241365593144973,0.03855516878431771,0
118.08509695899286,5.8884555399890655,1.9915942708005785,-1.1031843812330935,-0.40415715947930275,0
431.69716872494814,7.877594536280146,19.747369446244,-0.7487997960200538,0.23513529936618852,0
211.6184465586456,4.754343186233763,18.770595669462608,-1.5449373466767586,0.5789286485712348,0
246.09564981537326,18.298727008196842,13.246358270791648,1.1671207880032974,-0.2671374859417547,0
139.01861320605911,6.592891561149408,17.585591123140134,-1.125587114031969,0.23614240987910107,0
405.71045698881466,7.978947771569088,17.61790321089505,0.4766510408005575,0.4512260161360988,0
218.28932421259393,15.559632178850293,14.77092106793927,-1.571152351117883,-1.3404886413664368,0
320.5909483208305,11.915067656527194,12.708287137238196,0.9189148546583293,-1.4069774621039888,0
274.5221034906205,0.7475782270413855,3.5832783658030176,1.9913704184169045,1.2855822343616794,0
181.20647593237447,17.83663676955848,5.439091187963974,0.868772500590771,1.6814924574180155,0
484.25574681778727,12.514776580005122,14.552622753993774,-0.6281437391691783,1.4355709931636234,0
146.42748270952106,2.9520790829698953,12.964669376156921,-0.9394632419859826,1.0947985022273252,0
448.5651934621292,13.444036403084207,8.00424551699344,1.7262265456356325,-0.07492655611844788,0
496.2793335683957,16.17586099549753,0.6070761106600853,0.04382879946042826,-0.08378309988906465,0
443.55898537691263,18.216126780526345,3.581898786563631,-0.3652409774898465,-1.7806256729074892,0
347.6198641385953,5.992054865765524,10.574146397681051,0.5207561203587112,-0.33348628096969524,0
92.38137584272658,20.7670982138139,1.6116162457302718,-1.742771973881041,-0.5002610165866755,0
363.09295627584953,4.775811335026483,8.475402398618467,-0.7404901063321585,1.2608495199993097,0
401.290416058996,8.506198771033317,0.903027288245839,-0.28483693774220137,0.618360566259665,0
388.8861702640302,3.535273062695288,10.22227276979001,-0.04626121726634254,1.9836336524360194,0
331.1483077651653,15.828258447378484,17.554988097252497,2.0538186900865956,0.5445824007936281,0
48.058446156148015,22.666765984663282,9.3007266844182,0.3278110735741233,1.0159372235635562,0
